Workbook
Name AbrEspaciamiento: #REF!
Name Ape_osi: Leyenda!$G$47:$H$51
Name Apertura: Leyenda!$B$47:$D$51
Name Met_osi: Leyenda!$F$39:$G$43
Name Meteorizacion: Leyenda!$B$39:$D$43
Name Per_osi: Leyenda!$F$30:$G$34
Name Persistencia: Leyenda!$B$30:$D$34
Name Rell_osi: Leyenda!$F$63:$G$67
Name Relleno: Leyenda!$B$63:$D$67
Name Resistencia: Leyenda!$B$4:$B$10
Name RQD: Leyenda!$D$13:$D$17
Name Rug_osi: Leyenda!$F$55:$G$59
Name Rugosidad: Leyenda!$B$54:$D$59

Sheet 1. Collar_survey_assay
A1: Local | B1: FURO | C1: Sonda | D1: Inclinación | E1: Profundidade (m) | F1: Dip Direction (°) | G1: Dip(°) | H1: Sondagem | I1: Norte (m) | J1: Leste (m) | K1: Nivel (m)
A2: BREJO SECO | B2: GEOTEC-01 | C2: GEOMINAS | D2: Vertical | E2: 60 | F2: 0 | G2: 90 | H2: Mista | I2: 9063816.7 | J2: 173695.42 | K2: 481.37
A3: BREJO SECO | B3: GEOTEC-02 | C3: GEOMINAS | D3: Inclinado | E3: 60 | F3: 270 | G3: 60 | H3: Mista | I3: 9063476.4 | J3: 174445.89 | K3: 506.972
A4: BREJO SECO | B4: GEOTEC-03 | C4: GEOMINAS | D4: Inclinado | E4: 60 | F4: 210 | G4: 60 | H4: Mista | I4: 9063223.8 | J4: 174709.9 | K4: 495.89
A5: BREJO SECO | B5: GEOTEC-04 | C5: GEOMINAS | D5: Inclinado | E5: 40 | F5: 150 | G5: 60 | H5: Mista | I5: 9063631 | J5: 174188.99 | K5: 499.143
A6: BREJO SECO | B6: PZ-BS-03 | C6: GEOMINAS | D6: Vertical | E6: 30 | F6: 0 | G6: 90 | H6: Mista | I6: 9063713.8 | J6: 173859.73 | K6: 491.768
A7: BREJO SECO | B7: PZ-BS-01 | C7: GEOMINAS | D7: Vertical | E7: 30 | F7: 0 | G7: 90 | H7: Mista | I7: 9063323.5 | J7: 174430.18 | K7: 506.68
A8: BREJO SECO | B8: PPN-BS-DD01 | C8: GEOSOL | D8: Vertical | E8: 80 | F8: 0 | G8: 90 | H8: Mista | I8: 9063705.7 | J8: 173847.33 | K8: 491.89
A9: BREJO SECO | B9: PPN-BS-DD02 | C9: GEOSOL | D9: Vertical | E9: 80 | F9: 0 | G9: 90 | H9: Mista | I9: 9063617.3 | J9: 174185.92 | K9: 500.07
A10: BREJO SECO | B10: PPN-BS-DD03 | C10: GEOSOL | D10: Vertical | E10: 80 | F10: 0 | G10: 90 | H10: Mista | I10: 9063205.2 | J10: 174676.02 | K10: 497.19
A11: BREJO SECO | B11: PPN-BS-DD04 | C11: GEOSOL | D11: Vertical | E11: 40 | F11: 0 | G11: 90 | H11: Mista | I11: 9063849 | J11: 174695.82 | K11: 408.64
A12: BREJO SECO | B12: PPN-BS-DD05 | C12: GEOSOL | D12: Vertical | E12: 40 | F12: 0 | G12: 90 | H12: Mista | I12: 9064232.5 | J12: 174392.73 | K12: 391.9
A13: BREJO SECO | B13: PPN-BS-DD06 | C13: GEOSOL | D13: Vertical | E13: 40 | F13: 0 | G13: 90 | H13: Mista | I13: 9064178.8 | J13: 174342.87 | K13: 395.06
... A22: BREJO SECO | B22: PPN-BS-DD15 | C22: GEOSOL | D22: Vertical | E22: 40 | F22: 0 | G22: 90 | H22: Mista | I22: 9063497.9 | J22: 172350.38 | K22: 431
E23: =+SUM(E2:E22) -> 1000
E24: =1000-40*7 -> 720

Sheet 2. Logging Brejo Seco
U1: =2.2/2.6*100 -> 84.615385 | AE1: Piaui nickel metais | AF1: Caracterizacao Geotecnica
A2: MINE | B2: YEAR | C2: Realizado | D2: DDHH | E2: Cod Modelo Snowden | F2: Cod photo | G2: Litology (Snowden) Block Model | H2: Lithology (Quimica SGS) | I2: Lito Code Quimica & Comentario | J2: Comnetaios Logueo | K2: From (m) | L2: To (m) | M2: Lenght (m) | N2: Recuperation Furo Rock /Soil(%) | O2: %Soil in Drillhole | P2: Longitud Recuperada (m) | Q2: Longitud Recuperada | R2: Espaciamiento (mm) | S2: Frecuencia Fraturas | T2: Longitud recuperada (m) | U2: RQD_Piaui nickel (m) | V2: RQD (%) | W2: Numero Fracturas Visibles | X2: Numero Fracturas No Visibles | Y2: Fracturas Totales | Z2: Espaciamiento (mm) | AA2: RQD (%) Geominas | AB2: Grau de Alteracao | AC2: Grau de Fraturamento | AD2: Grau de ocorrencia | AE2: Numero Fraturas x metro | AF2: Espacamiento (mm) | AG2: Resistencia GEOMINAS vs Piauí | AH2: Material Classification | AI2: Blasting Index Mohamed | AJ2: Blastability Index | AK2: Blasting | AL2: Resistencia Piaui (Campo) | AM2: Resistencia Piauí Niquel | AN2: Persistencia\ | AO2: Meteorizacion | AP2: Apertura | AQ2: Rugosidade | AR2: Relleno | AS2: Agua | AT2: Comentarios | AV2: Persistencia\ | AW2: Meteorizacion | AX2: Apertura | AY2: Rugosidade | AZ2: Preenchimento | BA2: Suma de Condiciones Juntas | BB2: Ratio89 RQD | BC2: Ratio89_Resistencia | BD2: Ratio89_Espaciamiento | BE2: Ratio89_Discontinuidades | BF2: RatioAgua | BG2: GSI (RQD menor 80) | BH2: Ratio 76 Resistencia | BI2: Ratio76 Espaciamiento | BJ2: Ratio76 RQD | BK2: Ratio76 Apertura | BL2: Ratio76 Rugosidade | BM2: Ratio76 Preenchimento | BN2: Ratio76 Meteorizacion | BO2: Ratio76 Persistencia | BP2: RatioAgua | BQ2: RMR76 | BR2: RMR89 | BS2: Recuperacion de Sulos | BT2: Observaciones de descontinuidades
A3: Brejo Seco | B3: 2024 | C3: PNM | D3: GEOTEC-01 | E3: 60 | F3: 60 | G3: P025_Cob | H3: =+F3 -> 60 | J3: Saprolito, areno argiloso | K3: 0 | L3: 0.5 | M3: =+L3-K3 -> 0.5 | N3: 0.98 | O3: =1-N3 -> 0.02 | P3: =+M3*N3 -> 0.49 | Q3: =+N3*M3 -> 0.49 | R3: 490 | S3: 1 | T3: =+N3*M3 -> 0.49 | U3: 0 | V3: 0 | Z3: 0 | AA3: 58 | AB3: A5 | AC3: F5 | AD3: C4 | AE3: 20 | AF3: 24.5 | AG3: S2 | AH3: R0 | AI3: =+VLOOKUP(AH3,Leyenda!$O$4:$U$10,6,FALSE) -> 0 | AJ3: =+VLOOKUP(AH3,Leyenda!$O$4:$U$10,7,FALSE) -> No Blasting need | AK3: =+VLOOKUP(AJ3,Leyenda!$U$4:$V$10,2,FALSE) -> 2 | AL3: S2 | AM3: =+AH3 -> R0 | AN3: P5 | AO3: W4 | AP3: A4 | AQ3: G5 | AR3: F4 | AS3: Seco | AT3: Solo consolidaddo | AV3: =+VLOOKUP(AN3,Leyenda!$B$30:$E$34,3,FALSE) -> 0 | AW3: =+VLOOKUP('2. Logging Brejo Seco'!AO3,Meteorizacion,3,FALSE) -> 0 | AX3: =+VLOOKUP('2. Logging Brejo Seco'!AP3,Apertura,3,FALSE) -> 0 | AY3: =+VLOOKUP('2. Logging Brejo Seco'!AQ3,Leyenda!$B$55:$D$59,3,FALSE) -> 0 | AZ3: =+VLOOKUP('2. Logging Brejo Seco'!AR3,Relleno,3,FALSE) -> 0 | BA3: =+SUM(AV3:AZ3) -> 0 | BB3: =ROUND(-0.0002*POWER(V3,2)+0.2197*V3,0) -> 0 | BC3: =VLOOKUP(AM3,Leyenda!$B$4:$D$10,3,FALSE) -> 0 | BD3: =IF(Z3="",ROUND((IF(Z3<=400,1.5478*POWER(Z3,0.3351),-2*POWER(10,-6)*POWER(Z3,2)+0.0091*Z3+8.1704)),0),ROUND((IF(Z3<=400,1.5478*POWER(Z3,0.3351),-2*POWER(10,-6)*POWER(Z3,2)+0.0091*Z3+8.1704)),0)) -> 0 | BE3: =+BA3 -> 0 | BF3: =VLOOKUP(AS3,Leyenda!$B$70:$D$75,3,FALSE) -> 15 | BG3: =1.5*BA3+(V3*0.5) -> 0 | BH3: =VLOOKUP(AM3,Leyenda!$B$4:$E$10,4,FALSE) -> 0 | BI3: =IF(Z3="",ROUND(IF(Z3<=50,5,IF(Z3>=3000,30,6.038*LN(Z3)-19.63)),0),ROUND(IF(Z3<=50,5,IF(Z3>=3000,30,6.038*LN(Z3)-19.63)),0)) -> 5 | BJ3: =ROUND(-0.0002*POWER(V3,2)+0.2197*V3,0) -> 0 | BK3: =+VLOOKUP('2. Logging Brejo Seco'!AP3,Leyenda!$B$47:$E$51,4,FALSE) -> 0 | BL3: =+VLOOKUP('2. Logging Brejo Seco'!AQ3,Leyenda!$B$55:$E$59,4,FALSE) -> 0 | BM3: =+VLOOKUP('2. Logging Brejo Seco'!AR3,Leyenda!$B$63:$E$67,3,FALSE) -> 0 | BN3: =+VLOOKUP('2. Logging Brejo Seco'!AO3,Leyenda!$B$39:$E$43,4,FALSE) -> 0 | BO3: =+VLOOKUP('2. Logging Brejo Seco'!AN3,Leyenda!$B$30:$E$34,4,FALSE) -> 0 | BP3: =VLOOKUP(AS3,Leyenda!$B$71:$E$75,4,FALSE) -> 10 | BQ3: =+BH3+BI3+BJ3+BK3+BL3+BM3+BN3+BO3+BP3 -> 15 | BR3: =+BC3+BD3+BB3+BE3+BF3 -> 15 | BS3: =1-N3 -> 0.02 | BT3: Clasificaçao SUCS (Mecanica de Solos)
A4: Brejo Seco | B4: 2024 | C4: PNM | D4: GEOTEC-01 | E4: 60 | F4: 60 | G4: P025_Cob | H4: =+F4 -> 60 | J4: rocha alterada, canga lateritica | K4: =+L3 -> 0.5 | L4: =+K4+0.5 -> 1 | M4: =+L4-K4 -> 0.5 | N4: 0.98 | O4: =1-N4 -> 0.02 | P4: =+M4*N4 -> 0.49 | Q4: =+N4*M4 -> 0.49 | R4: 490 | S4: 1 | T4: =+N4*M4 -> 0.49 | U4: 0 | V4: 0 | Z4: 0 | AA4: 24 | AB4: A5 | AC4: F5 | AD4: C4 | AE4: 20 | AF4: 24.5 | AG4: S2 | AH4: R0 | AI4: =+VLOOKUP(AH4,Leyenda!$O$4:$U$10,6,FALSE) -> 0 | AJ4: =+VLOOKUP(AH4,Leyenda!$O$4:$U$10,7,FALSE) -> No Blasting need | AK4: =+VLOOKUP(AJ4,Leyenda!$U$4:$V$10,2,FALSE) -> 2 | AL4: S2 | AM4: =+AH4 -> R0 | AN4: P5 | AO4: W4 | AP4: A4 | AQ4: G5 | AR4: F4 | AS4: Seco | AV4: =+VLOOKUP(AN4,Leyenda!$B$30:$E$34,3,FALSE) -> 0 | AW4: =+VLOOKUP('2. Logging Brejo Seco'!AO4,Meteorizacion,3,FALSE) -> 0 | AX4: =+VLOOKUP('2. Logging Brejo Seco'!AP4,Apertura,3,FALSE) -> 0 | AY4: =+VLOOKUP('2. Logging Brejo Seco'!AQ4,Leyenda!$B$55:$D$59,3,FALSE) -> 0 | AZ4: =+VLOOKUP('2. Logging Brejo Seco'!AR4,Relleno,3,FALSE) -> 0 | BA4: =+SUM(AV4:AZ4) -> 0 | BB4: =ROUND(-0.0002*POWER(V4,2)+0.2197*V4,0) -> 0 | BC4: =VLOOKUP(AM4,Leyenda!$B$4:$D$10,3,FALSE) -> 0 | BD4: =IF(Z4="",ROUND((IF(Z4<=400,1.5478*POWER(Z4,0.3351),-2*POWER(10,-6)*POWER(Z4,2)+0.0091*Z4+8.1704)),0),ROUND((IF(Z4<=400,1.5478*POWER(Z4,0.3351),-2*POWER(10,-6)*POWER(Z4,2)+0.0091*Z4+8.1704)),0)) -> 0 | BE4: =+BA4 -> 0 | BF4: =VLOOKUP(AS4,Leyenda!$B$70:$D$75,3,FALSE) -> 15 | BG4: =1.5*BA4+(V4*0.5) -> 0 | BH4: =VLOOKUP(AM4,Leyenda!$B$4:$E$10,4,FALSE) -> 0 | BI4: =IF(Z4="",ROUND(IF(Z4<=50,5,IF(Z4>=3000,30,6.038*LN(Z4)-19.63)),0),ROUND(IF(Z4<=50,5,IF(Z4>=3000,30,6.038*LN(Z4)-19.63)),0)) -> 5 | BJ4: =ROUND(-0.0002*POWER(V4,2)+0.2197*V4,0) -> 0 | BK4: =+VLOOKUP('2. Logging Brejo Seco'!AP4,Leyenda!$B$47:$E$51,4,FALSE) -> 0 | BL4: =+VLOOKUP('2. Logging Brejo Seco'!AQ4,Leyenda!$B$55:$E$59,4,FALSE) -> 0 | BM4: =+VLOOKUP('2. Logging Brejo Seco'!AR4,Leyenda!$B$63:$E$67,3,FALSE) -> 0 | BN4: =+VLOOKUP('2. Logging Brejo Seco'!AO4,Leyenda!$B$39:$E$43,4,FALSE) -> 0 | BO4: =+VLOOKUP('2. Logging Brejo Seco'!AN4,Leyenda!$B$30:$E$34,4,FALSE) -> 0 | BP4: =VLOOKUP(AS4,Leyenda!$B$71:$E$75,4,FALSE) -> 10 | BQ4: =+BH4+BI4+BJ4+BK4+BL4+BM4+BN4+BO4+BP4 -> 15 | BR4: =+BC4+BD4+BB4+BE4+BF4 -> 15 | BS4: =1-N4 -> 0.02 | BT4: Clasificaçao SUCS (Mecanica de Solos)
A5: Brejo Seco | B5: 2024 | C5: PNM | D5: GEOTEC-01 | E5: 60 | F5: 60 | G5: P025_Cob | H5: =+F5 -> 60 | J5: rocha alterada, canga lateritica | K5: =+L4 -> 1 | L5: =+K5+0.5 -> 1.5 | M5: =+L5-K5 -> 0.5 | N5: 0.86 | O5: =1-N5 -> 0.14 | P5: =+M5*N5 -> 0.43 | Q5: =+N5*M5 -> 0.43 | R5: 430 | S5: 1 | T5: =+N5*M5 -> 0.43 | U5: 0 | V5: 0 | Z5: 0 | AA5: 42 | AB5: A4 | AC5: F5 | AD5: C4 | AE5: 20 | AF5: 21.5 | AG5: S2 | AH5: R0 | AI5: =+VLOOKUP(AH5,Leyenda!$O$4:$U$10,6,FALSE) -> 0 | AJ5: =+VLOOKUP(AH5,Leyenda!$O$4:$U$10,7,FALSE) -> No Blasting need | AK5: =+VLOOKUP(AJ5,Leyenda!$U$4:$V$10,2,FALSE) -> 2 | AL5: S2 | AM5: =+AH5 -> R0 | AN5: P5 | AO5: W4 | AP5: A4 | AQ5: G5 | AR5: F4 | AS5: Seco | AV5: =+VLOOKUP(AN5,Leyenda!$B$30:$E$34,3,FALSE) -> 0 | AW5: =+VLOOKUP('2. Logging Brejo Seco'!AO5,Meteorizacion,3,FALSE) -> 0 | AX5: =+VLOOKUP('2. Logging Brejo Seco'!AP5,Apertura,3,FALSE) -> 0 | AY5: =+VLOOKUP('2. Logging Brejo Seco'!AQ5,Leyenda!$B$55:$D$59,3,FALSE) -> 0 | AZ5: =+VLOOKUP('2. Logging Brejo Seco'!AR5,Relleno,3,FALSE) -> 0 | BA5: =+SUM(AV5:AZ5) -> 0 | BB5: =ROUND(-0.0002*POWER(V5,2)+0.2197*V5,0) -> 0 | BC5: =VLOOKUP(AM5,Leyenda!$B$4:$D$10,3,FALSE) -> 0 | BD5: =IF(Z5="",ROUND((IF(Z5<=400,1.5478*POWER(Z5,0.3351),-2*POWER(10,-6)*POWER(Z5,2)+0.0091*Z5+8.1704)),0),ROUND((IF(Z5<=400,1.5478*POWER(Z5,0.3351),-2*POWER(10,-6)*POWER(Z5,2)+0.0091*Z5+8.1704)),0)) -> 0 | BE5: =+BA5 -> 0 | BF5: =VLOOKUP(AS5,Leyenda!$B$70:$D$75,3,FALSE) -> 15 | BG5: =1.5*BA5+(V5*0.5) -> 0 | BH5: =VLOOKUP(AM5,Leyenda!$B$4:$E$10,4,FALSE) -> 0 | BI5: =IF(Z5="",ROUND(IF(Z5<=50,5,IF(Z5>=3000,30,6.038*LN(Z5)-19.63)),0),ROUND(IF(Z5<=50,5,IF(Z5>=3000,30,6.038*LN(Z5)-19.63)),0)) -> 5 | BJ5: =ROUND(-0.0002*POWER(V5,2)+0.2197*V5,0) -> 0 | BK5: =+VLOOKUP('2. Logging Brejo Seco'!AP5,Leyenda!$B$47:$E$51,4,FALSE) -> 0 | BL5: =+VLOOKUP('2. Logging Brejo Seco'!AQ5,Leyenda!$B$55:$E$59,4,FALSE) -> 0 | BM5: =+VLOOKUP('2. Logging Brejo Seco'!AR5,Leyenda!$B$63:$E$67,3,FALSE) -> 0 | BN5: =+VLOOKUP('2. Logging Brejo Seco'!AO5,Leyenda!$B$39:$E$43,4,FALSE) -> 0 | BO5: =+VLOOKUP('2. Logging Brejo Seco'!AN5,Leyenda!$B$30:$E$34,4,FALSE) -> 0 | BP5: =VLOOKUP(AS5,Leyenda!$B$71:$E$75,4,FALSE) -> 10 | BQ5: =+BH5+BI5+BJ5+BK5+BL5+BM5+BN5+BO5+BP5 -> 15 | BR5: =+BC5+BD5+BB5+BE5+BF5 -> 15 | BS5: =1-N5 -> 0.14 | BT5: Clasificaçao SUCS (Mecanica de Solos)
A6: Brejo Seco | B6: 2024 | C6: PNM | D6: GEOTEC-01 | E6: 60 | F6: 60 | G6: P025_Cob | H6: =+F6 -> 60 | J6: rocha alterada, canga lateritica | K6: =+L5 -> 1.5 | L6: =+K6+0.5 -> 2 | M6: =+L6-K6 -> 0.5 | N6: 0.6 | O6: =1-N6 -> 0.4 | P6: =+M6*N6 -> 0.3 | Q6: =+N6*M6 -> 0.3 | R6: 15 | S6: 20 | T6: =+N6*M6 -> 0.3 | U6: 0 | V6: 0 | Z6: 0 | AA6: 58 | AB6: A1 | AC6: F5 | AD6: C4 | AE6: 20 | AF6: 15 | AG6: S2 | AH6: R0 | AI6: =+VLOOKUP(AH6,Leyenda!$O$4:$U$10,6,FALSE) -> 0 | AJ6: =+VLOOKUP(AH6,Leyenda!$O$4:$U$10,7,FALSE) -> No Blasting need | AK6: =+VLOOKUP(AJ6,Leyenda!$U$4:$V$10,2,FALSE) -> 2 | AL6: S2 | AM6: =+AH6 -> R0 | AN6: P5 | AO6: W4 | AP6: A4 | AQ6: G5 | AR6: F4 | AS6: Seco | AV6: =+VLOOKUP(AN6,Leyenda!$B$30:$E$34,3,FALSE) -> 0 | AW6: =+VLOOKUP('2. Logging Brejo Seco'!AO6,Meteorizacion,3,FALSE) -> 0 | AX6: =+VLOOKUP('2. Logging Brejo Seco'!AP6,Apertura,3,FALSE) -> 0 | AY6: =+VLOOKUP('2. Logging Brejo Seco'!AQ6,Leyenda!$B$55:$D$59,3,FALSE) -> 0 | AZ6: =+VLOOKUP('2. Logging Brejo Seco'!AR6,Relleno,3,FALSE) -> 0 | BA6: =+SUM(AV6:AZ6) -> 0 | BB6: =ROUND(-0.0002*POWER(V6,2)+0.2197*V6,0) -> 0 | BC6: =VLOOKUP(AM6,Leyenda!$B$4:$D$10,3,FALSE) -> 0 | BD6: =IF(Z6="",ROUND((IF(Z6<=400,1.5478*POWER(Z6,0.3351),-2*POWER(10,-6)*POWER(Z6,2)+0.0091*Z6+8.1704)),0),ROUND((IF(Z6<=400,1.5478*POWER(Z6,0.3351),-2*POWER(10,-6)*POWER(Z6,2)+0.0091*Z6+8.1704)),0)) -> 0 | BE6: =+BA6 -> 0 | BF6: =VLOOKUP(AS6,Leyenda!$B$70:$D$75,3,FALSE) -> 15 | BG6: =1.5*BA6+(V6*0.5) -> 0 | BH6: =VLOOKUP(AM6,Leyenda!$B$4:$E$10,4,FALSE) -> 0 | BI6: =IF(Z6="",ROUND(IF(Z6<=50,5,IF(Z6>=3000,30,6.038*LN(Z6)-19.63)),0),ROUND(IF(Z6<=50,5,IF(Z6>=3000,30,6.038*LN(Z6)-19.63)),0)) -> 5 | BJ6: =ROUND(-0.0002*POWER(V6,2)+0.2197*V6,0) -> 0 | BK6: =+VLOOKUP('2. Logging Brejo Seco'!AP6,Leyenda!$B$47:$E$51,4,FALSE) -> 0 | BL6: =+VLOOKUP('2. Logging Brejo Seco'!AQ6,Leyenda!$B$55:$E$59,4,FALSE) -> 0 | BM6: =+VLOOKUP('2. Logging Brejo Seco'!AR6,Leyenda!$B$63:$E$67,3,FALSE) -> 0 | BN6: =+VLOOKUP('2. Logging Brejo Seco'!AO6,Leyenda!$B$39:$E$43,4,FALSE) -> 0 | BO6: =+VLOOKUP('2. Logging Brejo Seco'!AN6,Leyenda!$B$30:$E$34,4,FALSE) -> 0 | BP6: =VLOOKUP(AS6,Leyenda!$B$71:$E$75,4,FALSE) -> 10 | BQ6: =+BH6+BI6+BJ6+BK6+BL6+BM6+BN6+BO6+BP6 -> 15 | BR6: =+BC6+BD6+BB6+BE6+BF6 -> 15 | BS6: =1-N6 -> 0.4 | BT6: Clasificaçao SUCS (Mecanica de Solos)
A7: Brejo Seco | B7: 2024 | C7: PNM | D7: GEOTEC-01 | E7: 60 | F7: 60 | G7: P025_Cob | H7: =+F7 -> 60 | J7: rocha alterada, canga lateritica | K7: =+L6 -> 2 | L7: =+K7+0.5 -> 2.5 | M7: =+L7-K7 -> 0.5 | N7: 0.58 | O7: =1-N7 -> 0.42 | P7: =+M7*N7 -> 0.29 | Q7: =+N7*M7 -> 0.29 | R7: 290 | S7: 1 | T7: =+N7*M7 -> 0.29 | U7: 0 | V7: 0 | Z7: 0 | AA7: 0 | AB7: A1 | AC7: F5 | AD7: C4 | AE7: 20 | AF7: 14.5 | AG7: S2 | AH7: R0 | AI7: =+VLOOKUP(AH7,Leyenda!$O$4:$U$10,6,FALSE) -> 0 | AJ7: =+VLOOKUP(AH7,Leyenda!$O$4:$U$10,7,FALSE) -> No Blasting need | AK7: =+VLOOKUP(AJ7,Leyenda!$U$4:$V$10,2,FALSE) -> 2 | AL7: S2 | AM7: =+AH7 -> R0 | AN7: P5 | AO7: W4 | AP7: A4 | AQ7: G5 | AR7: F4 | AS7: Seco | AV7: =+VLOOKUP(AN7,Leyenda!$B$30:$E$34,3,FALSE) -> 0 | AW7: =+VLOOKUP('2. Logging Brejo Seco'!AO7,Meteorizacion,3,FALSE) -> 0 | AX7: =+VLOOKUP('2. Logging Brejo Seco'!AP7,Apertura,3,FALSE) -> 0 | AY7: =+VLOOKUP('2. Logging Brejo Seco'!AQ7,Leyenda!$B$55:$D$59,3,FALSE) -> 0 | AZ7: =+VLOOKUP('2. Logging Brejo Seco'!AR7,Relleno,3,FALSE) -> 0 | BA7: =+SUM(AV7:AZ7) -> 0 | BB7: =ROUND(-0.0002*POWER(V7,2)+0.2197*V7,0) -> 0 | BC7: =VLOOKUP(AM7,Leyenda!$B$4:$D$10,3,FALSE) -> 0 | BD7: =IF(Z7="",ROUND((IF(Z7<=400,1.5478*POWER(Z7,0.3351),-2*POWER(10,-6)*POWER(Z7,2)+0.0091*Z7+8.1704)),0),ROUND((IF(Z7<=400,1.5478*POWER(Z7,0.3351),-2*POWER(10,-6)*POWER(Z7,2)+0.0091*Z7+8.1704)),0)) -> 0 | BE7: =+BA7 -> 0 | BF7: =VLOOKUP(AS7,Leyenda!$B$70:$D$75,3,FALSE) -> 15 | BG7: =1.5*BA7+(V7*0.5) -> 0 | BH7: =VLOOKUP(AM7,Leyenda!$B$4:$E$10,4,FALSE) -> 0 | BI7: =IF(Z7="",ROUND(IF(Z7<=50,5,IF(Z7>=3000,30,6.038*LN(Z7)-19.63)),0),ROUND(IF(Z7<=50,5,IF(Z7>=3000,30,6.038*LN(Z7)-19.63)),0)) -> 5 | BJ7: =ROUND(-0.0002*POWER(V7,2)+0.2197*V7,0) -> 0 | BK7: =+VLOOKUP('2. Logging Brejo Seco'!AP7,Leyenda!$B$47:$E$51,4,FALSE) -> 0 | BL7: =+VLOOKUP('2. Logging Brejo Seco'!AQ7,Leyenda!$B$55:$E$59,4,FALSE) -> 0 | BM7: =+VLOOKUP('2. Logging Brejo Seco'!AR7,Leyenda!$B$63:$E$67,3,FALSE) -> 0 | BN7: =+VLOOKUP('2. Logging Brejo Seco'!AO7,Leyenda!$B$39:$E$43,4,FALSE) -> 0 | BO7: =+VLOOKUP('2. Logging Brejo Seco'!AN7,Leyenda!$B$30:$E$34,4,FALSE) -> 0 | BP7: =VLOOKUP(AS7,Leyenda!$B$71:$E$75,4,FALSE) -> 10 | BQ7: =+BH7+BI7+BJ7+BK7+BL7+BM7+BN7+BO7+BP7 -> 15 | BR7: =+BC7+BD7+BB7+BE7+BF7 -> 15 | BS7: =1-N7 -> 0.42 | BT7: Clasificaçao SUCS (Mecanica de Solos)
A8: Brejo Seco | B8: 2024 | C8: PNM | D8: GEOTEC-01 | E8: 60 | F8: 60 | G8: P025_Cob | H8: =+F8 -> 60 | J8: rocha alterada, canga lateritica | K8: =+L7 -> 2.5 | L8: =+K8+0.5 -> 3 | M8: =+L8-K8 -> 0.5 | N8: 0.8 | O8: =1-N8 -> 0.2 | P8: =+M8*N8 -> 0.4 | Q8: =+N8*M8 -> 0.4 | R8: 80 | S8: 5 | T8: =+N8*M8 -> 0.4 | U8: 0 | V8: 0 | Z8: 0 | AA8: 50 | AB8: A1 | AC8: F5 | AD8: C4 | AE8: 20 | AF8: 20 | AG8: S2 | AH8: R0 | AI8: =+VLOOKUP(AH8,Leyenda!$O$4:$U$10,6,FALSE) -> 0 | AJ8: =+VLOOKUP(AH8,Leyenda!$O$4:$U$10,7,FALSE) -> No Blasting need | AK8: =+VLOOKUP(AJ8,Leyenda!$U$4:$V$10,2,FALSE) -> 2 | AL8: S2 | AM8: =+AH8 -> R0 | AN8: P5 | AO8: W4 | AP8: A4 | AQ8: G5 | AR8: F4 | AS8: Seco | AV8: =+VLOOKUP(AN8,Leyenda!$B$30:$E$34,3,FALSE) -> 0 | AW8: =+VLOOKUP('2. Logging Brejo Seco'!AO8,Meteorizacion,3,FALSE) -> 0 | AX8: =+VLOOKUP('2. Logging Brejo Seco'!AP8,Apertura,3,FALSE) -> 0 | AY8: =+VLOOKUP('2. Logging Brejo Seco'!AQ8,Leyenda!$B$55:$D$59,3,FALSE) -> 0 | AZ8: =+VLOOKUP('2. Logging Brejo Seco'!AR8,Relleno,3,FALSE) -> 0 | BA8: =+SUM(AV8:AZ8) -> 0 | BB8: =ROUND(-0.0002*POWER(V8,2)+0.2197*V8,0) -> 0 | BC8: =VLOOKUP(AM8,Leyenda!$B$4:$D$10,3,FALSE) -> 0 | BD8: =IF(Z8="",ROUND((IF(Z8<=400,1.5478*POWER(Z8,0.3351),-2*POWER(10,-6)*POWER(Z8,2)+0.0091*Z8+8.1704)),0),ROUND((IF(Z8<=400,1.5478*POWER(Z8,0.3351),-2*POWER(10,-6)*POWER(Z8,2)+0.0091*Z8+8.1704)),0)) -> 0 | BE8: =+BA8 -> 0 | BF8: =VLOOKUP(AS8,Leyenda!$B$70:$D$75,3,FALSE) -> 15 | BG8: =1.5*BA8+(V8*0.5) -> 0 | BH8: =VLOOKUP(AM8,Leyenda!$B$4:$E$10,4,FALSE) -> 0 | BI8: =IF(Z8="",ROUND(IF(Z8<=50,5,IF(Z8>=3000,30,6.038*LN(Z8)-19.63)),0),ROUND(IF(Z8<=50,5,IF(Z8>=3000,30,6.038*LN(Z8)-19.63)),0)) -> 5 | BJ8: =ROUND(-0.0002*POWER(V8,2)+0.2197*V8,0) -> 0 | BK8: =+VLOOKUP('2. Logging Brejo Seco'!AP8,Leyenda!$B$47:$E$51,4,FALSE) -> 0 | BL8: =+VLOOKUP('2. Logging Brejo Seco'!AQ8,Leyenda!$B$55:$E$59,4,FALSE) -> 0 | BM8: =+VLOOKUP('2. Logging Brejo Seco'!AR8,Leyenda!$B$63:$E$67,3,FALSE) -> 0 | BN8: =+VLOOKUP('2. Logging Brejo Seco'!AO8,Leyenda!$B$39:$E$43,4,FALSE) -> 0 | BO8: =+VLOOKUP('2. Logging Brejo Seco'!AN8,Leyenda!$B$30:$E$34,4,FALSE) -> 0 | BP8: =VLOOKUP(AS8,Leyenda!$B$71:$E$75,4,FALSE) -> 10 | BQ8: =+BH8+BI8+BJ8+BK8+BL8+BM8+BN8+BO8+BP8 -> 15 | BR8: =+BC8+BD8+BB8+BE8+BF8 -> 15 | BS8: =1-N8 -> 0.2 | BT8: Clasificaçao SUCS (Mecanica de Solos)
A9: Brejo Seco | B9: 2024 | C9: PNM | D9: GEOTEC-01 | E9: 40 | F9: 40 | G9: P025_Silica_Zone | H9: =+F9 -> 40 | J9: rocha alterada, canga lateritica | K9: =+L8 -> 3 | L9: =+K9+0.5 -> 3.5 | M9: =+L9-K9 -> 0.5 | N9: 0.8 | O9: =1-N9 -> 0.2 | P9: =+M9*N9 -> 0.4 | Q9: =+N9*M9 -> 0.4 | R9: 80 | S9: 5 | T9: 0.38 | U9: 0.3 | V9: =+U9/M9*100 -> 60 | W9: 1 | X9: 2 | Y9: =+W9+X9 -> 3 | Z9: =+IF(T9=0,"",(T9*1000)/Y9) -> 126.66667 | AA9: 64 | AB9: A1 | AC9: F2 | AD9: C4 | AE9: 5 | AF9: 80 | AG9: R3 | AH9: =+AG9 -> R3 | AI9: =+VLOOKUP(AH9,Leyenda!$O$4:$U$10,6,FALSE) -> 0,35-0,50 | AJ9: =+VLOOKUP(AH9,Leyenda!$O$4:$U$10,7,FALSE) -> Easy to blast | AK9: =+VLOOKUP(AJ9,Leyenda!$U$4:$V$10,2,FALSE) -> 3 | AL9: R3 | AM9: =+AH9 -> R3 | AN9: P3 | AO9: W3 | AP9: A3 | AQ9: G3 | AR9: F1 | AS9: Seco | AT9: Calcedonia Cuarzo | AV9: =+VLOOKUP(AN9,Leyenda!$B$30:$E$34,3,FALSE) -> 2 | AW9: =+VLOOKUP('2. Logging Brejo Seco'!AO9,Meteorizacion,3,FALSE) -> 1 | AX9: =+VLOOKUP('2. Logging Brejo Seco'!AP9,Apertura,3,FALSE) -> 1 | AY9: =+VLOOKUP('2. Logging Brejo Seco'!AQ9,Leyenda!$B$55:$D$59,3,FALSE) -> 3 | AZ9: =+VLOOKUP('2. Logging Brejo Seco'!AR9,Relleno,3,FALSE) -> 4 | BA9: =+SUM(AV9:AZ9) -> 11 | BB9: =ROUND(-0.0002*POWER(V9,2)+0.2197*V9,0) -> 12 | BC9: =VLOOKUP(AM9,Leyenda!$B$4:$D$10,3,FALSE) -> 4 | BD9: =IF(Z9="",ROUND((IF(Z9<=400,1.5478*POWER(Z9,0.3351),-2*POWER(10,-6)*POWER(Z9,2)+0.0091*Z9+8.1704)),0),ROUND((IF(Z9<=400,1.5478*POWER(Z9,0.3351),-2*POWER(10,-6)*POWER(Z9,2)+0.0091*Z9+8.1704)),0)) -> 8 | BE9: =+BA9 -> 11 | BF9: =VLOOKUP(AS9,Leyenda!$B$70:$D$75,3,FALSE) -> 15 | BG9: =1.5*BA9+(V9*0.5) -> 46.5 | BH9: =VLOOKUP(AM9,Leyenda!$B$4:$E$10,4,FALSE) -> 4 | BI9: =IF(Z9="",ROUND(IF(Z9<=50,5,IF(Z9>=3000,30,6.038*LN(Z9)-19.63)),0),ROUND(IF(Z9<=50,5,IF(Z9>=3000,30,6.038*LN(Z9)-19.63)),0)) -> 10 | BJ9: =ROUND(-0.0002*POWER(V9,2)+0.2197*V9,0) -> 12 | BK9: =+VLOOKUP('2. Logging Brejo Seco'!AP9,Leyenda!$B$47:$E$51,4,FALSE) -> 1 | BL9: =+VLOOKUP('2. Logging Brejo Seco'!AQ9,Leyenda!$B$55:$E$59,4,FALSE) -> 3 | BM9: =+VLOOKUP('2. Logging Brejo Seco'!AR9,Leyenda!$B$63:$E$67,3,FALSE) -> 4 | BN9: =+VLOOKUP('2. Logging Brejo Seco'!AO9,Leyenda!$B$39:$E$43,4,FALSE) -> 1 | BO9: =+VLOOKUP('2. Logging Brejo Seco'!AN9,Leyenda!$B$30:$E$34,4,FALSE) -> 3 | BP9: =VLOOKUP(AS9,Leyenda!$B$71:$E$75,4,FALSE) -> 10 | BQ9: =+BH9+BI9+BJ9+BK9+BL9+BM9+BN9+BO9+BP9 -> 48 | BR9: =+BC9+BD9+BB9+BE9+BF9 -> 50 | BS9: =1-N9 -> 0.2
A10: Brejo Seco | B10: 2024 | C10: PNM | D10: GEOTEC-01 | E10: 40 | F10: 40 | G10: P025_Silica_Zone | H10: =+F10 -> 40 | J10: rocha alterada, canga lateritica | K10: =+L9 -> 3.5 | L10: =+K10+0.5 -> 4 | M10: =+L10-K10 -> 0.5 | N10: 0.76 | O10: =1-N10 -> 0.24 | P10: =+M10*N10 -> 0.38 | Q10: =+N10*M10 -> 0.38 | R10: 76 | S10: 5 | T10: 0.42 | U10: 0.5 | V10: =+U10/M10*100 -> 100 | W10: 1 | Y10: 1 | Z10: =+IF(T10=0,"",(T10*1000)/Y10) -> 420 | AA10: 22 | AB10: A1 | AC10: F2 | AD10: C4 | AE10: 5 | AF10: 76 | AG10: R4 | AH10: =+AG10 -> R4 | AI10: =+VLOOKUP(AH10,Leyenda!$O$4:$U$10,6,FALSE) -> 0,50-0,80 | AJ10: =+VLOOKUP(AH10,Leyenda!$O$4:$U$10,7,FALSE) -> Fairly easy to blast | AK10: =+VLOOKUP(AJ10,Leyenda!$U$4:$V$10,2,FALSE) -> 4 | AL10: R4 | AM10: =+AH10 -> R4 | AN10: P3 | AO10: W3 | AP10: A3 | AQ10: G3 | AR10: F2 | AS10: Seco | AT10: Calcedonia Cuarzo | AV10: =+VLOOKUP(AN10,Leyenda!$B$30:$E$34,3,FALSE) -> 2 | AW10: =+VLOOKUP('2. Logging Brejo Seco'!AO10,Meteorizacion,3,FALSE) -> 1 | AX10: =+VLOOKUP('2. Logging Brejo Seco'!AP10,Apertura,3,FALSE) -> 1 | AY10: =+VLOOKUP('2. Logging Brejo Seco'!AQ10,Leyenda!$B$55:$D$59,3,FALSE) -> 3 | AZ10: =+VLOOKUP('2. Logging Brejo Seco'!AR10,Relleno,3,FALSE) -> 2 | BA10: =+SUM(AV10:AZ10) -> 9 | BB10: =ROUND(-0.0002*POWER(V10,2)+0.2197*V10,0) -> 20 | BC10: =VLOOKUP(AM10,Leyenda!$B$4:$D$10,3,FALSE) -> 7 | BD10: =IF(Z10="",ROUND((IF(Z10<=400,1.5478*POWER(Z10,0.3351),-2*POWER(10,-6)*POWER(Z10,2)+0.0091*Z10+8.1704)),0),ROUND((IF(Z10<=400,1.5478*POWER(Z10,0.3351),-2*POWER(10,-6)*POWER(Z10,2)+0.0091*Z10+8.1704)),0)) -> 12 | BE10: =+BA10 -> 9 | BF10: =VLOOKUP(AS10,Leyenda!$B$70:$D$75,3,FALSE) -> 15 | BG10: =1.5*BA10+(V10*0.5) -> 63.5 | BH10: =VLOOKUP(AM10,Leyenda!$B$4:$E$10,4,FALSE) -> 7 | BI10: =IF(Z10="",ROUND(IF(Z10<=50,5,IF(Z10>=3000,30,6.038*LN(Z10)-19.63)),0),ROUND(IF(Z10<=50,5,IF(Z10>=3000,30,6.038*LN(Z10)-19.63)),0)) -> 17 | BJ10: =ROUND(-0.0002*POWER(V10,2)+0.2197*V10,0) -> 20 | BK10: =+VLOOKUP('2. Logging Brejo Seco'!AP10,Leyenda!$B$47:$E$51,4,FALSE) -> 1 | BL10: =+VLOOKUP('2. Logging Brejo Seco'!AQ10,Leyenda!$B$55:$E$59,4,FALSE) -> 3 | BM10: =+VLOOKUP('2. Logging Brejo Seco'!AR10,Leyenda!$B$63:$E$67,3,FALSE) -> 2 | BN10: =+VLOOKUP('2. Logging Brejo Seco'!AO10,Leyenda!$B$39:$E$43,4,FALSE) -> 1 | BO10: =+VLOOKUP('2. Logging Brejo Seco'!AN10,Leyenda!$B$30:$E$34,4,FALSE) -> 3 | BP10: =VLOOKUP(AS10,Leyenda!$B$71:$E$75,4,FALSE) -> 10 | BQ10: =+BH10+BI10+BJ10+BK10+BL10+BM10+BN10+BO10+BP10 -> 64 | BR10: =+BC10+BD10+BB10+BE10+BF10 -> 63 | BS10: =1-N10 -> 0.24
A11: Brejo Seco | B11: 2024 | C11: PNM | D11: GEOTEC-01 | E11: 40 | F11: 40 | G11: P025_Silica_Zone | H11: =+F11 -> 40 | J11: rocha alterada, canga lateritica | K11: =+L10 -> 4 | L11: =+K11+0.5 -> 4.5 | M11: =+L11-K11 -> 0.5 | N11: 0.86 | O11: =1-N11 -> 0.14 | P11: =+M11*N11 -> 0.43 | Q11: =+N11*M11 -> 0.43 | R11: 21.5 | S11: 20 | T11: 0.19 | U11: 0 | V11: =+U11/M11*100 -> 0 | W11: 0 | X11: 10 | Y11: =+W11+X11 -> 10 | Z11: =+IF(T11=0,"",(T11*1000)/Y11) -> 19 | AA11: 0 | AB11: A1 | AC11: F5 | AD11: C4 | AE11: 20 | AF11: 21.5 | AG11: R3 | AH11: =+AG11 -> R3 | AI11: =+VLOOKUP(AH11,Leyenda!$O$4:$U$10,6,FALSE) -> 0,35-0,50 | AJ11: =+VLOOKUP(AH11,Leyenda!$O$4:$U$10,7,FALSE) -> Easy to blast | AK11: =+VLOOKUP(AJ11,Leyenda!$U$4:$V$10,2,FALSE) -> 3 | AL11: R3 | AM11: =+AH11 -> R3 | AN11: P3 | AO11: W4 | AP11: A4 | AQ11: G5 | AR11: F4 | AS11: Seco | AT11: Zona completamente alterada por pos falha | AV11: =+VLOOKUP(AN11,Leyenda!$B$30:$E$34,3,FALSE) -> 2 | AW11: =+VLOOKUP('2. Logging Brejo Seco'!AO11,Meteorizacion,3,FALSE) -> 0 | AX11: =+VLOOKUP('2. Logging Brejo Seco'!AP11,Apertura,3,FALSE) -> 0 | AY11: =+VLOOKUP('2. Logging Brejo Seco'!AQ11,Leyenda!$B$55:$D$59,3,FALSE) -> 0 | AZ11: =+VLOOKUP('2. Logging Brejo Seco'!AR11,Relleno,3,FALSE) -> 0 | BA11: =+SUM(AV11:AZ11) -> 2 | BB11: =ROUND(-0.0002*POWER(V11,2)+0.2197*V11,0) -> 0 | BC11: =VLOOKUP(AM11,Leyenda!$B$4:$D$10,3,FALSE) -> 4 | BD11: =IF(Z11="",ROUND((IF(Z11<=400,1.5478*POWER(Z11,0.3351),-2*POWER(10,-6)*POWER(Z11,2)+0.0091*Z11+8.1704)),0),ROUND((IF(Z11<=400,1.5478*POWER(Z11,0.3351),-2*POWER(10,-6)*POWER(Z11,2)+0.0091*Z11+8.1704)),0)) -> 4 | BE11: =+BA11 -> 2 | BF11: =VLOOKUP(AS11,Leyenda!$B$70:$D$75,3,FALSE) -> 15 | BG11: =1.5*BA11+(V11*0.5) -> 3 | BH11: =VLOOKUP(AM11,Leyenda!$B$4:$E$10,4,FALSE) -> 4 | BI11: =IF(Z11="",ROUND(IF(Z11<=50,5,IF(Z11>=3000,30,6.038*LN(Z11)-19.63)),0),ROUND(IF(Z11<=50,5,IF(Z11>=3000,30,6.038*LN(Z11)-19.63)),0)) -> 5 | BJ11: =ROUND(-0.0002*POWER(V11,2)+0.2197*V11,0) -> 0 | BK11: =+VLOOKUP('2. Logging Brejo Seco'!AP11,Leyenda!$B$47:$E$51,4,FALSE) -> 0 | BL11: =+VLOOKUP('2. Logging Brejo Seco'!AQ11,Leyenda!$B$55:$E$59,4,FALSE) -> 0 | BM11: =+VLOOKUP('2. Logging Brejo Seco'!AR11,Leyenda!$B$63:$E$67,3,FALSE) -> 0 | BN11: =+VLOOKUP('2. Logging Brejo Seco'!AO11,Leyenda!$B$39:$E$43,4,FALSE) -> 0 | BO11: =+VLOOKUP('2. Logging Brejo Seco'!AN11,Leyenda!$B$30:$E$34,4,FALSE) -> 3 | BP11: =VLOOKUP(AS11,Leyenda!$B$71:$E$75,4,FALSE) -> 10 | BQ11: =+BH11+BI11+BJ11+BK11+BL11+BM11+BN11+BO11+BP11 -> 22 | BR11: =+BC11+BD11+BB11+BE11+BF11 -> 25 | BS11: =1-N11 -> 0.14
A12: Brejo Seco | B12: 2024 | C12: PNM | D12: GEOTEC-01 | E12: 50 | F12: 50 | G12: P0723_Sap_Fe | H12: =+F12 -> 50 | J12: rocha alterada, canga lateritica | K12: =+L11 -> 4.5 | L12: =+K12+0.5 -> 5 | M12: =+L12-K12 -> 0.5 | N12: 0.38 | O12: =1-N12 -> 0.62 | P12: =+M12*N12 -> 0.19 | Q12: =+N12*M12 -> 0.19 | R12: 190 | S12: 1 | T12: 0.36 | U12: 0.3 | V12: =+U12/M12*100 -> 60 | W12: 2 | Y12: =+W12+X12 -> 2 | Z12: =+IF(T12=0,"",(T12*1000)/Y12) -> 180 | AA12: 64 | AB12: A1 | AC12: F1 | AD12: C4 | AE12: 1 | AF12: 190 | AG12: S6 | AH12: R0 | AI12: =+VLOOKUP(AH12,Leyenda!$O$4:$U$10,6,FALSE) -> 0 | AJ12: =+VLOOKUP(AH12,Leyenda!$O$4:$U$10,7,FALSE) -> No Blasting need | AK12: =+VLOOKUP(AJ12,Leyenda!$U$4:$V$10,2,FALSE) -> 2 | AL12: S6 | AM12: =+AH12 -> R0 | AN12: P3 | AO12: W3 | AP12: A4 | AQ12: G3 | AR12: F2 | AS12: Seco | AT12: Venillas de Calcedonia | AV12: =+VLOOKUP(AN12,Leyenda!$B$30:$E$34,3,FALSE) -> 2 | AW12: =+VLOOKUP('2. Logging Brejo Seco'!AO12,Meteorizacion,3,FALSE) -> 1 | AX12: =+VLOOKUP('2. Logging Brejo Seco'!AP12,Apertura,3,FALSE) -> 0 | AY12: =+VLOOKUP('2. Logging Brejo Seco'!AQ12,Leyenda!$B$55:$D$59,3,FALSE) -> 3 | AZ12: =+VLOOKUP('2. Logging Brejo Seco'!AR12,Relleno,3,FALSE) -> 2 | BA12: =+SUM(AV12:AZ12) -> 8 | BB12: =ROUND(-0.0002*POWER(V12,2)+0.2197*V12,0) -> 12 | BC12: =VLOOKUP(AM12,Leyenda!$B$4:$D$10,3,FALSE) -> 0 | BD12: =IF(Z12="",ROUND((IF(Z12<=400,1.5478*POWER(Z12,0.3351),-2*POWER(10,-6)*POWER(Z12,2)+0.0091*Z12+8.1704)),0),ROUND((IF(Z12<=400,1.5478*POWER(Z12,0.3351),-2*POWER(10,-6)*POWER(Z12,2)+0.0091*Z12+8.1704)),0)) -> 9 | BE12: =+BA12 -> 8 | BF12: =VLOOKUP(AS12,Leyenda!$B$70:$D$75,3,FALSE) -> 15 | BG12: =1.5*BA12+(V12*0.5) -> 42 | BH12: =VLOOKUP(AM12,Leyenda!$B$4:$E$10,4,FALSE) -> 0 | BI12: =IF(Z12="",ROUND(IF(Z12<=50,5,IF(Z12>=3000,30,6.038*LN(Z12)-19.63)),0),ROUND(IF(Z12<=50,5,IF(Z12>=3000,30,6.038*LN(Z12)-19.63)),0)) -> 12 | BJ12: =ROUND(-0.0002*POWER(V12,2)+0.2197*V12,0) -> 12 | BK12: =+VLOOKUP('2. Logging Brejo Seco'!AP12,Leyenda!$B$47:$E$51,4,FALSE) -> 0 | BL12: =+VLOOKUP('2. Logging Brejo Seco'!AQ12,Leyenda!$B$55:$E$59,4,FALSE) -> 3 | BM12: =+VLOOKUP('2. Logging Brejo Seco'!AR12,Leyenda!$B$63:$E$67,3,FALSE) -> 2 | BN12: =+VLOOKUP('2. Logging Brejo Seco'!AO12,Leyenda!$B$39:$E$43,4,FALSE) -> 1 | BO12: =+VLOOKUP('2. Logging Brejo Seco'!AN12,Leyenda!$B$30:$E$34,4,FALSE) -> 3 | BP12: =VLOOKUP(AS12,Leyenda!$B$71:$E$75,4,FALSE) -> 10 | BQ12: =+BH12+BI12+BJ12+BK12+BL12+BM12+BN12+BO12+BP12 -> 43 | BR12: =+BC12+BD12+BB12+BE12+BF12 -> 44 | BS12: =1-N12 -> 0.62 | BT12: Clasificaçao SUCS (Mecanica de Solos)
A13: Brejo Seco | B13: 2024 | C13: PNM | D13: GEOTEC-01 | E13: 50 | F13: 50 | G13: P0723_Sap_Fe | H13: =+F13 -> 50 | J13: rocha alterada, canga lateritica | K13: =+L12 -> 5 | L13: =+K13+0.5 -> 5.5 | M13: =+L13-K13 -> 0.5 | N13: 0.82 | O13: =1-N13 -> 0.18 | P13: =+M13*N13 -> 0.41 | Q13: =+N13*M13 -> 0.41 | R13: 82 | S13: 5 | T13: 0.39 | U13: 0.13 | V13: =+U13/M13*100 -> 26 | W13: 5 | Y13: =+W13+X13 -> 5 | Z13: =+IF(T13=0,"",(T13*1000)/Y13) -> 78 | AA13: 32 | AB13: A1 | AC13: F2 | AD13: C4 | AE13: 5 | AF13: 82 | AG13: S6 | AH13: R0 | AI13: =+VLOOKUP(AH13,Leyenda!$O$4:$U$10,6,FALSE) -> 0 | AJ13: =+VLOOKUP(AH13,Leyenda!$O$4:$U$10,7,FALSE) -> No Blasting need | AK13: =+VLOOKUP(AJ13,Leyenda!$U$4:$V$10,2,FALSE) -> 2 | AL13: S6 | AM13: =+AH13 -> R0 | AN13: P3 | AO13: W3 | AP13: A4 | AQ13: G4 | AR13: F3 | AS13: Seco | AT13: Solo Limonita | AV13: =+VLOOKUP(AN13,Leyenda!$B$30:$E$34,3,FALSE) -> 2 | AW13: =+VLOOKUP('2. Logging Brejo Seco'!AO13,Meteorizacion,3,FALSE) -> 1 | AX13: =+VLOOKUP('2. Logging Brejo Seco'!AP13,Apertura,3,FALSE) -> 0 | AY13: =+VLOOKUP('2. Logging Brejo Seco'!AQ13,Leyenda!$B$55:$D$59,3,FALSE) -> 1 | AZ13: =+VLOOKUP('2. Logging Brejo Seco'!AR13,Relleno,3,FALSE) -> 2 | BA13: =+SUM(AV13:AZ13) -> 6 | BB13: =ROUND(-0.0002*POWER(V13,2)+0.2197*V13,0) -> 6 | BC13: =VLOOKUP(AM13,Leyenda!$B$4:$D$10,3,FALSE) -> 0 | BD13: =IF(Z13="",ROUND((IF(Z13<=400,1.5478*POWER(Z13,0.3351),-2*POWER(10,-6)*POWER(Z13,2)+0.0091*Z13+8.1704)),0),ROUND((IF(Z13<=400,1.5478*POWER(Z13,0.3351),-2*POWER(10,-6)*POWER(Z13,2)+0.0091*Z13+8.1704)),0)) -> 7 | BE13: =+BA13 -> 6 | BF13: =VLOOKUP(AS13,Leyenda!$B$70:$D$75,3,FALSE) -> 15 | BG13: =1.5*BA13+(V13*0.5) -> 22 | BH13: =VLOOKUP(AM13,Leyenda!$B$4:$E$10,4,FALSE) -> 0 | BI13: =IF(Z13="",ROUND(IF(Z13<=50,5,IF(Z13>=3000,30,6.038*LN(Z13)-19.63)),0),ROUND(IF(Z13<=50,5,IF(Z13>=3000,30,6.038*LN(Z13)-19.63)),0)) -> 7 | BJ13: =ROUND(-0.0002*POWER(V13,2)+0.2197*V13,0) -> 6 | BK13: =+VLOOKUP('2. Logging Brejo Seco'!AP13,Leyenda!$B$47:$E$51,4,FALSE) -> 0 | BL13: =+VLOOKUP('2. Logging Brejo Seco'!AQ13,Leyenda!$B$55:$E$59,4,FALSE) -> 1 | BM13: =+VLOOKUP('2. Logging Brejo Seco'!AR13,Leyenda!$B$63:$E$67,3,FALSE) -> 2 | BN13: =+VLOOKUP('2. Logging Brejo Seco'!AO13,Leyenda!$B$39:$E$43,4,FALSE) -> 1 | BO13: =+VLOOKUP('2. Logging Brejo Seco'!AN13,Leyenda!$B$30:$E$34,4,FALSE) -> 3 | BP13: =VLOOKUP(AS13,Leyenda!$B$71:$E$75,4,FALSE) -> 10 | BQ13: =+BH13+BI13+BJ13+BK13+BL13+BM13+BN13+BO13+BP13 -> 30 | BR13: =+BC13+BD13+BB13+BE13+BF13 -> 34 | BS13: =1-N13 -> 0.18 | BT13: Clasificaçao SUCS (Mecanica de Solos)
A14: Brejo Seco | B14: 2024 | C14: PNM | D14: GEOTEC-01 | E14: 50 | F14: 50 | G14: P0723_Sap_Fe | H14: =+F14 -> 50 | J14: rocha alterada, canga lateritica | K14: =+L13 -> 5.5 | L14: =+K14+0.5 -> 6 | M14: =+L14-K14 -> 0.5 | N14: 0.82 | O14: =1-N14 -> 0.18 | P14: =+M14*N14 -> 0.41 | Q14: =+N14*M14 -> 0.41 | R14: 410 | S14: 1 | T14: 0.35 | U14: 0.16 | V14: =+U14/M14*100 -> 32 | W14: 4 | Y14: =+W14+X14 -> 4 | Z14: =+IF(T14=0,"",(T14*1000)/Y14) -> 87.5 | AA14: 38 | AB14: A1 | AC14: F1 | AD14: C4 | AE14: 1 | AF14: 410 | AG14: S5 | AH14: R0 | AI14: =+VLOOKUP(AH14,Leyenda!$O$4:$U$10,6,FALSE) -> 0 | AJ14: =+VLOOKUP(AH14,Leyenda!$O$4:$U$10,7,FALSE) -> No Blasting need | AK14: =+VLOOKUP(AJ14,Leyenda!$U$4:$V$10,2,FALSE) -> 2 | AL14: S5 | AM14: =+AH14 -> R0 | AN14: P3 | AO14: W2 | AP14: A4 | AQ14: G4 | AR14: F3 | AS14: Seco | AT14: Solo Limonita | AV14: =+VLOOKUP(AN14,Leyenda!$B$30:$E$34,3,FALSE) -> 2 | AW14: =+VLOOKUP('2. Logging Brejo Seco'!AO14,Meteorizacion,3,FALSE) -> 3 | AX14: =+VLOOKUP('2. Logging Brejo Seco'!AP14,Apertura,3,FALSE) -> 0 | AY14: =+VLOOKUP('2. Logging Brejo Seco'!AQ14,Leyenda!$B$55:$D$59,3,FALSE) -> 1 | AZ14: =+VLOOKUP('2. Logging Brejo Seco'!AR14,Relleno,3,FALSE) -> 2 | BA14: =+SUM(AV14:AZ14) -> 8 | BB14: =ROUND(-0.0002*POWER(V14,2)+0.2197*V14,0) -> 7 | BC14: =VLOOKUP(AM14,Leyenda!$B$4:$D$10,3,FALSE) -> 0 | BD14: =IF(Z14="",ROUND((IF(Z14<=400,1.5478*POWER(Z14,0.3351),-2*POWER(10,-6)*POWER(Z14,2)+0.0091*Z14+8.1704)),0),ROUND((IF(Z14<=400,1.5478*POWER(Z14,0.3351),-2*POWER(10,-6)*POWER(Z14,2)+0.0091*Z14+8.1704)),0)) -> 7 | BE14: =+BA14 -> 8 | BF14: =VLOOKUP(AS14,Leyenda!$B$70:$D$75,3,FALSE) -> 15 | BG14: =1.5*BA14+(V14*0.5) -> 28 | BH14: =VLOOKUP(AM14,Leyenda!$B$4:$E$10,4,FALSE) -> 0 | BI14: =IF(Z14="",ROUND(IF(Z14<=50,5,IF(Z14>=3000,30,6.038*LN(Z14)-19.63)),0),ROUND(IF(Z14<=50,5,IF(Z14>=3000,30,6.038*LN(Z14)-19.63)),0)) -> 7 | BJ14: =ROUND(-0.0002*POWER(V14,2)+0.2197*V14,0) -> 7 | BK14: =+VLOOKUP('2. Logging Brejo Seco'!AP14,Leyenda!$B$47:$E$51,4,FALSE) -> 0 | BL14: =+VLOOKUP('2. Logging Brejo Seco'!AQ14,Leyenda!$B$55:$E$59,4,FALSE) -> 1 | BM14: =+VLOOKUP('2. Logging Brejo Seco'!AR14,Leyenda!$B$63:$E$67,3,FALSE) -> 2 | BN14: =+VLOOKUP('2. Logging Brejo Seco'!AO14,Leyenda!$B$39:$E$43,4,FALSE) -> 3 | BO14: =+VLOOKUP('2. Logging Brejo Seco'!AN14,Leyenda!$B$30:$E$34,4,FALSE) -> 3 | BP14: =VLOOKUP(AS14,Leyenda!$B$71:$E$75,4,FALSE) -> 10 | BQ14: =+BH14+BI14+BJ14+BK14+BL14+BM14+BN14+BO14+BP14 -> 33 | BR14: =+BC14+BD14+BB14+BE14+BF14 -> 37 | BS14: =1-N14 -> 0.18 | BT14: Clasificaçao SUCS (Mecanica de Solos)
A15: Brejo Seco | B15: 2024 | C15: PNM | D15: GEOTEC-01 | E15: 50 | F15: 50 | G15: P0723_Sap_Fe | H15: =+F15 -> 50 | J15: rocha alterada, canga lateritica | K15: =+L14 -> 6 | L15: =+K15+0.5 -> 6.5 | M15: =+L15-K15 -> 0.5 | N15: 0.74 | O15: =1-N15 -> 0.26 | P15: =+M15*N15 -> 0.37 | Q15: =+N15*M15 -> 0.37 | R15: 18.5 | S15: 20 | T15: 0.23 | U15: 0 | V15: =+U15/M15*100 -> 0 | W15: 15 | Y15: =+W15+X15 -> 15 | Z15: =+IF(T15=0,"",(T15*1000)/Y15) -> 15.333333 | AA15: 0 | AB15: A1 | AC15: F5 | AD15: C4 | AE15: 20 | AF15: 18.5 | AG15: S3 | AH15: R0 | AI15: =+VLOOKUP(AH15,Leyenda!$O$4:$U$10,6,FALSE) -> 0 | AJ15: =+VLOOKUP(AH15,Leyenda!$O$4:$U$10,7,FALSE) -> No Blasting need | AK15: =+VLOOKUP(AJ15,Leyenda!$U$4:$V$10,2,FALSE) -> 2 | AL15: S3 | AM15: =+AH15 -> R0 | AN15: P3 | AO15: W4 | AP15: A4 | AQ15: G5 | AR15: F3 | AS15: Seco | AT15: Falla | AV15: =+VLOOKUP(AN15,Leyenda!$B$30:$E$34,3,FALSE) -> 2 | AW15: =+VLOOKUP('2. Logging Brejo Seco'!AO15,Meteorizacion,3,FALSE) -> 0 | AX15: =+VLOOKUP('2. Logging Brejo Seco'!AP15,Apertura,3,FALSE) -> 0 | AY15: =+VLOOKUP('2. Logging Brejo Seco'!AQ15,Leyenda!$B$55:$D$59,3,FALSE) -> 0 | AZ15: =+VLOOKUP('2. Logging Brejo Seco'!AR15,Relleno,3,FALSE) -> 2 | BA15: =+SUM(AV15:AZ15) -> 4 | BB15: =ROUND(-0.0002*POWER(V15,2)+0.2197*V15,0) -> 0 | BC15: =VLOOKUP(AM15,Leyenda!$B$4:$D$10,3,FALSE) -> 0 | BD15: =IF(Z15="",ROUND((IF(Z15<=400,1.5478*POWER(Z15,0.3351),-2*POWER(10,-6)*POWER(Z15,2)+0.0091*Z15+8.1704)),0),ROUND((IF(Z15<=400,1.5478*POWER(Z15,0.3351),-2*POWER(10,-6)*POWER(Z15,2)+0.0091*Z15+8.1704)),0)) -> 4 | BE15: =+BA15 -> 4 | BF15: =VLOOKUP(AS15,Leyenda!$B$70:$D$75,3,FALSE) -> 15 | BG15: =1.5*BA15+(V15*0.5) -> 6 | BH15: =VLOOKUP(AM15,Leyenda!$B$4:$E$10,4,FALSE) -> 0 | BI15: =IF(Z15="",ROUND(IF(Z15<=50,5,IF(Z15>=3000,30,6.038*LN(Z15)-19.63)),0),ROUND(IF(Z15<=50,5,IF(Z15>=3000,30,6.038*LN(Z15)-19.63)),0)) -> 5 | BJ15: =ROUND(-0.0002*POWER(V15,2)+0.2197*V15,0) -> 0 | BK15: =+VLOOKUP('2. Logging Brejo Seco'!AP15,Leyenda!$B$47:$E$51,4,FALSE) -> 0 | BL15: =+VLOOKUP('2. Logging Brejo Seco'!AQ15,Leyenda!$B$55:$E$59,4,FALSE) -> 0 | BM15: =+VLOOKUP('2. Logging Brejo Seco'!AR15,Leyenda!$B$63:$E$67,3,FALSE) -> 2 | BN15: =+VLOOKUP('2. Logging Brejo Seco'!AO15,Leyenda!$B$39:$E$43,4,FALSE) -> 0 | BO15: =+VLOOKUP('2. Logging Brejo Seco'!AN15,Leyenda!$B$30:$E$34,4,FALSE) -> 3 | BP15: =VLOOKUP(AS15,Leyenda!$B$71:$E$75,4,FALSE) -> 10 | BQ15: =+BH15+BI15+BJ15+BK15+BL15+BM15+BN15+BO15+BP15 -> 20 | BR15: =+BC15+BD15+BB15+BE15+BF15 -> 23 | BS15: =1-N15 -> 0.26 | BT15: Clasificaçao SUCS (Mecanica de Solos)
A16: Brejo Seco | B16: 2024 | C16: PNM | D16: GEOTEC-01 | E16: 40 | F16: 40 | G16: P025_Silica_Zone | H16: =+F16 -> 40 | J16: rocha alterada, canga lateritica | K16: =+L15 -> 6.5 | L16: =+K16+0.5 -> 7 | M16: =+L16-K16 -> 0.5 | N16: 0.74 | O16: =1-N16 -> 0.26 | P16: =+M16*N16 -> 0.37 | Q16: =+N16*M16 -> 0.37 | R16: 74 | S16: 5 | T16: 0.46 | U16: 0.11 | V16: =+U16/M16*100 -> 22 | W16: 6 | Y16: =+W16+X16 -> 6 | Z16: =+IF(T16=0,"",(T16*1000)/Y16) -> 76.666667 | AA16: 24 | AB16: A1 | AC16: F2 | AD16: C4 | AE16: 5 | AF16: 74 | AG16: S2 | AH16: R0 | AI16: =+VLOOKUP(AH16,Leyenda!$O$4:$U$10,6,FALSE) -> 0 | AJ16: =+VLOOKUP(AH16,Leyenda!$O$4:$U$10,7,FALSE) -> No Blasting need | AK16: =+VLOOKUP(AJ16,Leyenda!$U$4:$V$10,2,FALSE) -> 2 | AL16: R3 | AM16: =+AH16 -> R0 | AN16: P3 | AO16: W2 | AP16: A4 | AQ16: G4 | AR16: F2 | AS16: Seco | AT16: Venillas de calcedonia | AV16: =+VLOOKUP(AN16,Leyenda!$B$30:$E$34,3,FALSE) -> 2 | AW16: =+VLOOKUP('2. Logging Brejo Seco'!AO16,Meteorizacion,3,FALSE) -> 3 | AX16: =+VLOOKUP('2. Logging Brejo Seco'!AP16,Apertura,3,FALSE) -> 0 | AY16: =+VLOOKUP('2. Logging Brejo Seco'!AQ16,Leyenda!$B$55:$D$59,3,FALSE) -> 1 | AZ16: =+VLOOKUP('2. Logging Brejo Seco'!AR16,Relleno,3,FALSE) -> 2 | BA16: =+SUM(AV16:AZ16) -> 8 | BB16: =ROUND(-0.0002*POWER(V16,2)+0.2197*V16,0) -> 5 | BC16: =VLOOKUP(AM16,Leyenda!$B$4:$D$10,3,FALSE) -> 0 | BD16: =IF(Z16="",ROUND((IF(Z16<=400,1.5478*POWER(Z16,0.3351),-2*POWER(10,-6)*POWER(Z16,2)+0.0091*Z16+8.1704)),0),ROUND((IF(Z16<=400,1.5478*POWER(Z16,0.3351),-2*POWER(10,-6)*POWER(Z16,2)+0.0091*Z16+8.1704)),0)) -> 7 | BE16: =+BA16 -> 8 | BF16: =VLOOKUP(AS16,Leyenda!$B$70:$D$75,3,FALSE) -> 15 | BG16: =1.5*BA16+(V16*0.5) -> 23 | BH16: =VLOOKUP(AM16,Leyenda!$B$4:$E$10,4,FALSE) -> 0 | BI16: =IF(Z16="",ROUND(IF(Z16<=50,5,IF(Z16>=3000,30,6.038*LN(Z16)-19.63)),0),ROUND(IF(Z16<=50,5,IF(Z16>=3000,30,6.038*LN(Z16)-19.63)),0)) -> 7 | BJ16: =ROUND(-0.0002*POWER(V16,2)+0.2197*V16,0) -> 5 | BK16: =+VLOOKUP('2. Logging Brejo Seco'!AP16,Leyenda!$B$47:$E$51,4,FALSE) -> 0 | BL16: =+VLOOKUP('2. Logging Brejo Seco'!AQ16,Leyenda!$B$55:$E$59,4,FALSE) -> 1 | BM16: =+VLOOKUP('2. Logging Brejo Seco'!AR16,Leyenda!$B$63:$E$67,3,FALSE) -> 2 | BN16: =+VLOOKUP('2. Logging Brejo Seco'!AO16,Leyenda!$B$39:$E$43,4,FALSE) -> 3 | BO16: =+VLOOKUP('2. Logging Brejo Seco'!AN16,Leyenda!$B$30:$E$34,4,FALSE) -> 3 | BP16: =VLOOKUP(AS16,Leyenda!$B$71:$E$75,4,FALSE) -> 10 | BQ16: =+BH16+BI16+BJ16+BK16+BL16+BM16+BN16+BO16+BP16 -> 31 | BR16: =+BC16+BD16+BB16+BE16+BF16 -> 35 | BS16: =1-N16 -> 0.26 | BT16: Clasificaçao SUCS (Mecanica de Solos)
A17: Brejo Seco | B17: 2024 | C17: PNM | D17: GEOTEC-01 | E17: 40 | F17: 40 | G17: P025_Silica_Zone | H17: =+F17 -> 40 | J17: rocha alterada, canga lateritica | K17: =+L16 -> 7 | L17: =+K17+0.5 -> 7.5 | M17: =+L17-K17 -> 0.5 | N17: 0.98 | O17: =1-N17 -> 0.02 | P17: =+M17*N17 -> 0.49 | Q17: =+N17*M17 -> 0.49 | R17: 98 | S17: 5 | T17: =0.11+0.32 -> 0.43 | U17: =0.11+0.1 -> 0.21 | V17: =+U17/M17*100 -> 42 | W17: 5 | Y17: =+W17+X17 -> 5 | Z17: =+IF(T17=0,"",(T17*1000)/Y17) -> 86 | AA17: 50 | AB17: A1 | AC17: F2 | AD17: C4 | AE17: 5 | AF17: 98 | AG17: R2 | AH17: =+AG17 -> R2 | AI17: =+VLOOKUP(AH17,Leyenda!$O$4:$U$10,6,FALSE) -> 0,25-0,35 | AJ17: =+VLOOKUP(AH17,Leyenda!$O$4:$U$10,7,FALSE) -> No Blasting need | AK17: =+VLOOKUP(AJ17,Leyenda!$U$4:$V$10,2,FALSE) -> 2 | AL17: R3 | AM17: =+AH17 -> R2 | AN17: P3 | AO17: W3 | AP17: A4 | AQ17: G3 | AR17: F3 | AS17: Seco | AT17: Solo Limonita%Completamente desconpuesta | AV17: =+VLOOKUP(AN17,Leyenda!$B$30:$E$34,3,FALSE) -> 2 | AW17: =+VLOOKUP('2. Logging Brejo Seco'!AO17,Meteorizacion,3,FALSE) -> 1 | AX17: =+VLOOKUP('2. Logging Brejo Seco'!AP17,Apertura,3,FALSE) -> 0 | AY17: =+VLOOKUP('2. Logging Brejo Seco'!AQ17,Leyenda!$B$55:$D$59,3,FALSE) -> 3 | AZ17: =+VLOOKUP('2. Logging Brejo Seco'!AR17,Relleno,3,FALSE) -> 2 | BA17: =+SUM(AV17:AZ17) -> 8 | BB17: =ROUND(-0.0002*POWER(V17,2)+0.2197*V17,0) -> 9 | BC17: =VLOOKUP(AM17,Leyenda!$B$4:$D$10,3,FALSE) -> 2 | BD17: =IF(Z17="",ROUND((IF(Z17<=400,1.5478*POWER(Z17,0.3351),-2*POWER(10,-6)*POWER(Z17,2)+0.0091*Z17+8.1704)),0),ROUND((IF(Z17<=400,1.5478*POWER(Z17,0.3351),-2*POWER(10,-6)*POWER(Z17,2)+0.0091*Z17+8.1704)),0)) -> 7 | BE17: =+BA17 -> 8 | BF17: =VLOOKUP(AS17,Leyenda!$B$70:$D$75,3,FALSE) -> 15 | BG17: =1.5*BA17+(V17*0.5) -> 33 | BH17: =VLOOKUP(AM17,Leyenda!$B$4:$E$10,4,FALSE) -> 2 | BI17: =IF(Z17="",ROUND(IF(Z17<=50,5,IF(Z17>=3000,30,6.038*LN(Z17)-19.63)),0),ROUND(IF(Z17<=50,5,IF(Z17>=3000,30,6.038*LN(Z17)-19.63)),0)) -> 7 | BJ17: =ROUND(-0.0002*POWER(V17,2)+0.2197*V17,0) -> 9 | BK17: =+VLOOKUP('2. Logging Brejo Seco'!AP17,Leyenda!$B$47:$E$51,4,FALSE) -> 0 | BL17: =+VLOOKUP('2. Logging Brejo Seco'!AQ17,Leyenda!$B$55:$E$59,4,FALSE) -> 3 | BM17: =+VLOOKUP('2. Logging Brejo Seco'!AR17,Leyenda!$B$63:$E$67,3,FALSE) -> 2 | BN17: =+VLOOKUP('2. Logging Brejo Seco'!AO17,Leyenda!$B$39:$E$43,4,FALSE) -> 1 | BO17: =+VLOOKUP('2. Logging Brejo Seco'!AN17,Leyenda!$B$30:$E$34,4,FALSE) -> 3 | BP17: =VLOOKUP(AS17,Leyenda!$B$71:$E$75,4,FALSE) -> 10 | BQ17: =+BH17+BI17+BJ17+BK17+BL17+BM17+BN17+BO17+BP17 -> 37 | BR17: =+BC17+BD17+BB17+BE17+BF17 -> 41 | BS17: =1-N17 -> 0.02
A18: Brejo Seco | B18: 2024 | C18: PNM | D18: GEOTEC-01 | E18: 40 | F18: 40 | G18: P025_Silica_Zone | H18: =+F18 -> 40 | J18: rocha alterada, canga lateritica | K18: =+L17 -> 7.5 | L18: =+K18+0.5 -> 8 | M18: =+L18-K18 -> 0.5 | N18: 1 | O18: =1-N18 -> 0 | P18: =+M18*N18 -> 0.5 | Q18: =+N18*M18 -> 0.5 | R18: 50 | S18: 10 | T18: 0.45 | U18: 0.28 | V18: =+U18/M18*100 -> 56 | W18: 4 | Y18: =+W18+X18 -> 4 | Z18: =+IF(T18=0,"",(T18*1000)/Y18) -> 112.5 | AA18: 68 | AB18: A1 | AC18: F3 | AD18: C4 | AE18: 10 | AF18: 50 | AG18: R3 | AH18: =+AG18 -> R3 | AI18: =+VLOOKUP(AH18,Leyenda!$O$4:$U$10,6,FALSE) -> 0,35-0,50 | AJ18: =+VLOOKUP(AH18,Leyenda!$O$4:$U$10,7,FALSE) -> Easy to blast | AK18: =+VLOOKUP(AJ18,Leyenda!$U$4:$V$10,2,FALSE) -> 3 | AL18: R3 | AM18: =+AH18 -> R3 | AN18: P3 | AO18: W2 | AP18: A3 | AQ18: G3 | AR18: F2 | AS18: Seco | AT18: Muestra de laboratorio GEOMINAS | AV18: =+VLOOKUP(AN18,Leyenda!$B$30:$E$34,3,FALSE) -> 2 | AW18: =+VLOOKUP('2. Logging Brejo Seco'!AO18,Meteorizacion,3,FALSE) -> 3 | AX18: =+VLOOKUP('2. Logging Brejo Seco'!AP18,Apertura,3,FALSE) -> 1 | AY18: =+VLOOKUP('2. Logging Brejo Seco'!AQ18,Leyenda!$B$55:$D$59,3,FALSE) -> 3 | AZ18: =+VLOOKUP('2. Logging Brejo Seco'!AR18,Relleno,3,FALSE) -> 2 | BA18: =+SUM(AV18:AZ18) -> 11 | BB18: =ROUND(-0.0002*POWER(V18,2)+0.2197*V18,0) -> 12 | BC18: =VLOOKUP(AM18,Leyenda!$B$4:$D$10,3,FALSE) -> 4 | BD18: =IF(Z18="",ROUND((IF(Z18<=400,1.5478*POWER(Z18,0.3351),-2*POWER(10,-6)*POWER(Z18,2)+0.0091*Z18+8.1704)),0),ROUND((IF(Z18<=400,1.5478*POWER(Z18,0.3351),-2*POWER(10,-6)*POWER(Z18,2)+0.0091*Z18+8.1704)),0)) -> 8 | BE18: =+BA18 -> 11 | BF18: =VLOOKUP(AS18,Leyenda!$B$70:$D$75,3,FALSE) -> 15 | BG18: =1.5*BA18+(V18*0.5) -> 44.5 | BH18: =VLOOKUP(AM18,Leyenda!$B$4:$E$10,4,FALSE) -> 4 | BI18: =IF(Z18="",ROUND(IF(Z18<=50,5,IF(Z18>=3000,30,6.038*LN(Z18)-19.63)),0),ROUND(IF(Z18<=50,5,IF(Z18>=3000,30,6.038*LN(Z18)-19.63)),0)) -> 9 | BJ18: =ROUND(-0.0002*POWER(V18,2)+0.2197*V18,0) -> 12 | BK18: =+VLOOKUP('2. Logging Brejo Seco'!AP18,Leyenda!$B$47:$E$51,4,FALSE) -> 1 | BL18: =+VLOOKUP('2. Logging Brejo Seco'!AQ18,Leyenda!$B$55:$E$59,4,FALSE) -> 3 | BM18: =+VLOOKUP('2. Logging Brejo Seco'!AR18,Leyenda!$B$63:$E$67,3,FALSE) -> 2 | BN18: =+VLOOKUP('2. Logging Brejo Seco'!AO18,Leyenda!$B$39:$E$43,4,FALSE) -> 3 | BO18: =+VLOOKUP('2. Logging Brejo Seco'!AN18,Leyenda!$B$30:$E$34,4,FALSE) -> 3 | BP18: =VLOOKUP(AS18,Leyenda!$B$71:$E$75,4,FALSE) -> 10 | BQ18: =+BH18+BI18+BJ18+BK18+BL18+BM18+BN18+BO18+BP18 -> 47 | BR18: =+BC18+BD18+BB18+BE18+BF18 -> 50 | BS18: =1-N18 -> 0
A19: Brejo Seco | B19: 2024 | C19: PNM | D19: GEOTEC-01 | E19: 40 | F19: 40 | G19: P025_Silica_Zone | H19: =+F19 -> 40 | J19: rocha alterada, canga lateritica | K19: =+L18 -> 8 | L19: =+K19+0.5 -> 8.5 | M19: =+L19-K19 -> 0.5 | N19: 1 | O19: =1-N19 -> 0 | P19: =+M19*N19 -> 0.5 | Q19: =+N19*M19 -> 0.5 | R19: 100 | S19: 5 | T19: 0.47 | U19: 0.31 | V19: =+U19/M19*100 -> 62 | W19: 2 | Y19: =+W19+X19 -> 2 | Z19: =+IF(T19=0,"",(T19*1000)/Y19) -> 235 | AA19: 86 | AB19: A1 | AC19: F2 | AD19: C4 | AE19: 5 | AF19: 100 | AG19: R3 | AH19: =+AG19 -> R3 | AI19: =+VLOOKUP(AH19,Leyenda!$O$4:$U$10,6,FALSE) -> 0,35-0,50 | AJ19: =+VLOOKUP(AH19,Leyenda!$O$4:$U$10,7,FALSE) -> Easy to blast | AK19: =+VLOOKUP(AJ19,Leyenda!$U$4:$V$10,2,FALSE) -> 3 | AL19: R3 | AM19: =+AH19 -> R3 | AN19: P3 | AO19: W2 | AP19: A3 | AQ19: G3 | AR19: F2 | AS19: Seco | AT19: Venillas de calcedonia | AV19: =+VLOOKUP(AN19,Leyenda!$B$30:$E$34,3,FALSE) -> 2 | AW19: =+VLOOKUP('2. Logging Brejo Seco'!AO19,Meteorizacion,3,FALSE) -> 3 | AX19: =+VLOOKUP('2. Logging Brejo Seco'!AP19,Apertura,3,FALSE) -> 1 | AY19: =+VLOOKUP('2. Logging Brejo Seco'!AQ19,Leyenda!$B$55:$D$59,3,FALSE) -> 3 | AZ19: =+VLOOKUP('2. Logging Brejo Seco'!AR19,Relleno,3,FALSE) -> 2 | BA19: =+SUM(AV19:AZ19) -> 11 | BB19: =ROUND(-0.0002*POWER(V19,2)+0.2197*V19,0) -> 13 | BC19: =VLOOKUP(AM19,Leyenda!$B$4:$D$10,3,FALSE) -> 4 | BD19: =IF(Z19="",ROUND((IF(Z19<=400,1.5478*POWER(Z19,0.3351),-2*POWER(10,-6)*POWER(Z19,2)+0.0091*Z19+8.1704)),0),ROUND((IF(Z19<=400,1.5478*POWER(Z19,0.3351),-2*POWER(10,-6)*POWER(Z19,2)+0.0091*Z19+8.1704)),0)) -> 10 | BE19: =+BA19 -> 11 | BF19: =VLOOKUP(AS19,Leyenda!$B$70:$D$75,3,FALSE) -> 15 | BG19: =1.5*BA19+(V19*0.5) -> 47.5 | BH19: =VLOOKUP(AM19,Leyenda!$B$4:$E$10,4,FALSE) -> 4 | BI19: =IF(Z19="",ROUND(IF(Z19<=50,5,IF(Z19>=3000,30,6.038*LN(Z19)-19.63)),0),ROUND(IF(Z19<=50,5,IF(Z19>=3000,30,6.038*LN(Z19)-19.63)),0)) -> 13 | BJ19: =ROUND(-0.0002*POWER(V19,2)+0.2197*V19,0) -> 13 | BK19: =+VLOOKUP('2. Logging Brejo Seco'!AP19,Leyenda!$B$47:$E$51,4,FALSE) -> 1 | BL19: =+VLOOKUP('2. Logging Brejo Seco'!AQ19,Leyenda!$B$55:$E$59,4,FALSE) -> 3 | BM19: =+VLOOKUP('2. Logging Brejo Seco'!AR19,Leyenda!$B$63:$E$67,3,FALSE) -> 2 | BN19: =+VLOOKUP('2. Logging Brejo Seco'!AO19,Leyenda!$B$39:$E$43,4,FALSE) -> 3 | BO19: =+VLOOKUP('2. Logging Brejo Seco'!AN19,Leyenda!$B$30:$E$34,4,FALSE) -> 3 | BP19: =VLOOKUP(AS19,Leyenda!$B$71:$E$75,4,FALSE) -> 10 | BQ19: =+BH19+BI19+BJ19+BK19+BL19+BM19+BN19+BO19+BP19 -> 52 | BR19: =+BC19+BD19+BB19+BE19+BF19 -> 53 | BS19: =1-N19 -> 0
A20: Brejo Seco | B20: 2024 | C20: PNM | D20: GEOTEC-01 | E20: 40 | F20: 40 | G20: P025_Silica_Zone | H20: =+F20 -> 40 | J20: rocha alterada, canga lateritica | K20: =+L19 -> 8.5 | L20: =+K20+0.5 -> 9 | M20: =+L20-K20 -> 0.5 | N20: 1 | O20: =1-N20 -> 0 | P20: =+M20*N20 -> 0.5 | Q20: =+N20*M20 -> 0.5 | R20: 500 | S20: 1 | T20: 0.35 | U20: 0.16 | V20: =+U20/M20*100 -> 32 | W20: 5 | Y20: =+W20+X20 -> 5 | Z20: =+IF(T20=0,"",(T20*1000)/Y20) -> 70 | AA20: 34 | AB20: A1 | AC20: F1 | AD20: C4 | AE20: 1 | AF20: 500 | AG20: R2 | AH20: =+AG20 -> R2 | AI20: =+VLOOKUP(AH20,Leyenda!$O$4:$U$10,6,FALSE) -> 0,25-0,35 | AJ20: =+VLOOKUP(AH20,Leyenda!$O$4:$U$10,7,FALSE) -> No Blasting need | AK20: =+VLOOKUP(AJ20,Leyenda!$U$4:$V$10,2,FALSE) -> 2 | AL20: R3 | AM20: =+AH20 -> R2 | AN20: P3 | AO20: W3 | AP20: A4 | AQ20: G4 | AR20: F3 | AS20: Seco | AV20: =+VLOOKUP(AN20,Leyenda!$B$30:$E$34,3,FALSE) -> 2 | AW20: =+VLOOKUP('2. Logging Brejo Seco'!AO20,Meteorizacion,3,FALSE) -> 1 | AX20: =+VLOOKUP('2. Logging Brejo Seco'!AP20,Apertura,3,FALSE) -> 0 | AY20: =+VLOOKUP('2. Logging Brejo Seco'!AQ20,Leyenda!$B$55:$D$59,3,FALSE) -> 1 | AZ20: =+VLOOKUP('2. Logging Brejo Seco'!AR20,Relleno,3,FALSE) -> 2 | BA20: =+SUM(AV20:AZ20) -> 6 | BB20: =ROUND(-0.0002*POWER(V20,2)+0.2197*V20,0) -> 7 | BC20: =VLOOKUP(AM20,Leyenda!$B$4:$D$10,3,FALSE) -> 2 | BD20: =IF(Z20="",ROUND((IF(Z20<=400,1.5478*POWER(Z20,0.3351),-2*POWER(10,-6)*POWER(Z20,2)+0.0091*Z20+8.1704)),0),ROUND((IF(Z20<=400,1.5478*POWER(Z20,0.3351),-2*POWER(10,-6)*POWER(Z20,2)+0.0091*Z20+8.1704)),0)) -> 6 | BE20: =+BA20 -> 6 | BF20: =VLOOKUP(AS20,Leyenda!$B$70:$D$75,3,FALSE) -> 15 | BG20: =1.5*BA20+(V20*0.5) -> 25 | BH20: =VLOOKUP(AM20,Leyenda!$B$4:$E$10,4,FALSE) -> 2 | BI20: =IF(Z20="",ROUND(IF(Z20<=50,5,IF(Z20>=3000,30,6.038*LN(Z20)-19.63)),0),ROUND(IF(Z20<=50,5,IF(Z20>=3000,30,6.038*LN(Z20)-19.63)),0)) -> 6 | BJ20: =ROUND(-0.0002*POWER(V20,2)+0.2197*V20,0) -> 7 | BK20: =+VLOOKUP('2. Logging Brejo Seco'!AP20,Leyenda!$B$47:$E$51,4,FALSE) -> 0 | BL20: =+VLOOKUP('2. Logging Brejo Seco'!AQ20,Leyenda!$B$55:$E$59,4,FALSE) -> 1 | BM20: =+VLOOKUP('2. Logging Brejo Seco'!AR20,Leyenda!$B$63:$E$67,3,FALSE) -> 2 | BN20: =+VLOOKUP('2. Logging Brejo Seco'!AO20,Leyenda!$B$39:$E$43,4,FALSE) -> 1 | BO20: =+VLOOKUP('2. Logging Brejo Seco'!AN20,Leyenda!$B$30:$E$34,4,FALSE) -> 3 | BP20: =VLOOKUP(AS20,Leyenda!$B$71:$E$75,4,FALSE) -> 10 | BQ20: =+BH20+BI20+BJ20+BK20+BL20+BM20+BN20+BO20+BP20 -> 32 | BR20: =+BC20+BD20+BB20+BE20+BF20 -> 36 | BS20: =1-N20 -> 0
A21: Brejo Seco | B21: 2024 | C21: PNM | D21: GEOTEC-01 | E21: 40 | F21: 40 | G21: P025_Silica_Zone | H21: =+F21 -> 40 | J21: rocha alterada, canga lateritica | K21: =+L20 -> 9 | L21: =+K21+0.5 -> 9.5 | M21: =+L21-K21 -> 0.5 | N21: 0.8 | O21: =1-N21 -> 0.2 | P21: =+M21*N21 -> 0.4 | Q21: =+N21*M21 -> 0.4 | R21: 400 | S21: 1 | T21: 0.41 | U21: 0.21 | V21: =+U21/M21*100 -> 42 | W21: 4 | Y21: =+W21+X21 -> 4 | Z21: =+IF(T21=0,"",(T21*1000)/Y21) -> 102.5 | AA21: 46 | AB21: A1 | AC21: F1 | AD21: C4 | AE21: 1 | AF21: 400 | AG21: R3 | AH21: =+AG21 -> R3 | AI21: =+VLOOKUP(AH21,Leyenda!$O$4:$U$10,6,FALSE) -> 0,35-0,50 | AJ21: =+VLOOKUP(AH21,Leyenda!$O$4:$U$10,7,FALSE) -> Easy to blast | AK21: =+VLOOKUP(AJ21,Leyenda!$U$4:$V$10,2,FALSE) -> 3 | AL21: R3 | AM21: =+AH21 -> R3 | AN21: P2 | AO21: W2 | AP21: A3 | AQ21: G4 | AR21: F3 | AS21: Seco | AV21: =+VLOOKUP(AN21,Leyenda!$B$30:$E$34,3,FALSE) -> 4 | AW21: =+VLOOKUP('2. Logging Brejo Seco'!AO21,Meteorizacion,3,FALSE) -> 3 | AX21: =+VLOOKUP('2. Logging Brejo Seco'!AP21,Apertura,3,FALSE) -> 1 | AY21: =+VLOOKUP('2. Logging Brejo Seco'!AQ21,Leyenda!$B$55:$D$59,3,FALSE) -> 1 | AZ21: =+VLOOKUP('2. Logging Brejo Seco'!AR21,Relleno,3,FALSE) -> 2 | BA21: =+SUM(AV21:AZ21) -> 11 | BB21: =ROUND(-0.0002*POWER(V21,2)+0.2197*V21,0) -> 9 | BC21: =VLOOKUP(AM21,Leyenda!$B$4:$D$10,3,FALSE) -> 4 | BD21: =IF(Z21="",ROUND((IF(Z21<=400,1.5478*POWER(Z21,0.3351),-2*POWER(10,-6)*POWER(Z21,2)+0.0091*Z21+8.1704)),0),ROUND((IF(Z21<=400,1.5478*POWER(Z21,0.3351),-2*POWER(10,-6)*POWER(Z21,2)+0.0091*Z21+8.1704)),0)) -> 7 | BE21: =+BA21 -> 11 | BF21: =VLOOKUP(AS21,Leyenda!$B$70:$D$75,3,FALSE) -> 15 | BG21: =1.5*BA21+(V21*0.5) -> 37.5 | BH21: =VLOOKUP(AM21,Leyenda!$B$4:$E$10,4,FALSE) -> 4 | BI21: =IF(Z21="",ROUND(IF(Z21<=50,5,IF(Z21>=3000,30,6.038*LN(Z21)-19.63)),0),ROUND(IF(Z21<=50,5,IF(Z21>=3000,30,6.038*LN(Z21)-19.63)),0)) -> 8 | BJ21: =ROUND(-0.0002*POWER(V21,2)+0.2197*V21,0) -> 9 | BK21: =+VLOOKUP('2. Logging Brejo Seco'!AP21,Leyenda!$B$47:$E$51,4,FALSE) -> 1 | BL21: =+VLOOKUP('2. Logging Brejo Seco'!AQ21,Leyenda!$B$55:$E$59,4,FALSE) -> 1 | BM21: =+VLOOKUP('2. Logging Brejo Seco'!AR21,Leyenda!$B$63:$E$67,3,FALSE) -> 2 | BN21: =+VLOOKUP('2. Logging Brejo Seco'!AO21,Leyenda!$B$39:$E$43,4,FALSE) -> 3 | BO21: =+VLOOKUP('2. Logging Brejo Seco'!AN21,Leyenda!$B$30:$E$34,4,FALSE) -> 4 | BP21: =VLOOKUP(AS21,Leyenda!$B$71:$E$75,4,FALSE) -> 10 | BQ21: =+BH21+BI21+BJ21+BK21+BL21+BM21+BN21+BO21+BP21 -> 42 | BR21: =+BC21+BD21+BB21+BE21+BF21 -> 46 | BS21: =1-N21 -> 0.2
A22: Brejo Seco | B22: 2024 | C22: PNM | D22: GEOTEC-01 | E22: 40 | F22: 40 | G22: P025_Silica_Zone | H22: =+F22 -> 40 | J22: Rocha sá, serpentinito alterado | K22: =+L21 -> 9.5 | L22: =+K22+0.5 -> 10 | M22: =+L22-K22 -> 0.5 | N22: 0.86 | O22: =1-N22 -> 0.14 | P22: =+M22*N22 -> 0.43 | Q22: =+N22*M22 -> 0.43 | R22: 86 | S22: 5 | T22: 0.43 | U22: 0.25 | V22: =+U22/M22*100 -> 50 | W22: 4 | Y22: =+W22+X22 -> 4 | Z22: =+IF(T22=0,"",(T22*1000)/Y22) -> 107.5 | AA22: 42 | AB22: A1 | AC22: F2 | AD22: C2 | AE22: 5 | AF22: 86 | AG22: R3 | AH22: =+AG22 -> R3 | AI22: =+VLOOKUP(AH22,Leyenda!$O$4:$U$10,6,FALSE) -> 0,35-0,50 | AJ22: =+VLOOKUP(AH22,Leyenda!$O$4:$U$10,7,FALSE) -> Easy to blast | AK22: =+VLOOKUP(AJ22,Leyenda!$U$4:$V$10,2,FALSE) -> 3 | AL22: R3 | AM22: =+AH22 -> R3 | AN22: P2 | AO22: W1 | AP22: A2 | AQ22: G3 | AR22: F2 | AS22: Seco | AT22: Venillas de calcedonia | AV22: =+VLOOKUP(AN22,Leyenda!$B$30:$E$34,3,FALSE) -> 4 | AW22: =+VLOOKUP('2. Logging Brejo Seco'!AO22,Meteorizacion,3,FALSE) -> 5 | AX22: =+VLOOKUP('2. Logging Brejo Seco'!AP22,Apertura,3,FALSE) -> 3 | AY22: =+VLOOKUP('2. Logging Brejo Seco'!AQ22,Leyenda!$B$55:$D$59,3,FALSE) -> 3 | AZ22: =+VLOOKUP('2. Logging Brejo Seco'!AR22,Relleno,3,FALSE) -> 2 | BA22: =+SUM(AV22:AZ22) -> 17 | BB22: =ROUND(-0.0002*POWER(V22,2)+0.2197*V22,0) -> 10 | BC22: =VLOOKUP(AM22,Leyenda!$B$4:$D$10,3,FALSE) -> 4 | BD22: =IF(Z22="",ROUND((IF(Z22<=400,1.5478*POWER(Z22,0.3351),-2*POWER(10,-6)*POWER(Z22,2)+0.0091*Z22+8.1704)),0),ROUND((IF(Z22<=400,1.5478*POWER(Z22,0.3351),-2*POWER(10,-6)*POWER(Z22,2)+0.0091*Z22+8.1704)),0)) -> 7 | BE22: =+BA22 -> 17 | BF22: =VLOOKUP(AS22,Leyenda!$B$70:$D$75,3,FALSE) -> 15 | BG22: =1.5*BA22+(V22*0.5) -> 50.5 | BH22: =VLOOKUP(AM22,Leyenda!$B$4:$E$10,4,FALSE) -> 4 | BI22: =IF(Z22="",ROUND(IF(Z22<=50,5,IF(Z22>=3000,30,6.038*LN(Z22)-19.63)),0),ROUND(IF(Z22<=50,5,IF(Z22>=3000,30,6.038*LN(Z22)-19.63)),0)) -> 9 | BJ22: =ROUND(-0.0002*POWER(V22,2)+0.2197*V22,0) -> 10 | BK22: =+VLOOKUP('2. Logging Brejo Seco'!AP22,Leyenda!$B$47:$E$51,4,FALSE) -> 3 | BL22: =+VLOOKUP('2. Logging Brejo Seco'!AQ22,Leyenda!$B$55:$E$59,4,FALSE) -> 3 | BM22: =+VLOOKUP('2. Logging Brejo Seco'!AR22,Leyenda!$B$63:$E$67,3,FALSE) -> 2 | BN22: =+VLOOKUP('2. Logging Brejo Seco'!AO22,Leyenda!$B$39:$E$43,4,FALSE) -> 4 | BO22: =+VLOOKUP('2. Logging Brejo Seco'!AN22,Leyenda!$B$30:$E$34,4,FALSE) -> 4 | BP22: =VLOOKUP(AS22,Leyenda!$B$71:$E$75,4,FALSE) -> 10 | BQ22: =+BH22+BI22+BJ22+BK22+BL22+BM22+BN22+BO22+BP22 -> 49 | BR22: =+BC22+BD22+BB22+BE22+BF22 -> 53 | BS22: =1-N22 -> 0.14
A23: Brejo Seco | B23: 2024 | C23: PNM | D23: GEOTEC-01 | E23: 50 | F23: 50 | G23: P0723_Sap_Fe | H23: =+F23 -> 50 | J23: Rocha sá, serpentinito alterado | K23: =+L22 -> 10 | L23: =+K23+0.5 -> 10.5 | M23: =+L23-K23 -> 0.5 | N23: 0.9 | O23: =1-N23 -> 0.1 | P23: =+M23*N23 -> 0.45 | Q23: =+N23*M23 -> 0.45 | R23: 90 | S23: 5 | T23: 0.29 | U23: 0.11 | V23: =+U23/M23*100 -> 22 | W23: 3 | Y23: =+W23+X23 -> 3 | Z23: =+IF(T23=0,"",(T23*1000)/Y23) -> 96.666667 | AA23: 26 | AB23: A1 | AC23: F2 | AD23: C2 | AE23: 5 | AF23: 90 | AG23: R1 | AH23: =+AG23 -> R1 | AI23: =+VLOOKUP(AH23,Leyenda!$O$4:$U$10,6,FALSE) -> 0,15-0,25 | AJ23: =+VLOOKUP(AH23,Leyenda!$O$4:$U$10,7,FALSE) -> No Blasting need | AK23: =+VLOOKUP(AJ23,Leyenda!$U$4:$V$10,2,FALSE) -> 2 | AL23: R2 | AM23: =+AH23 -> R1 | AN23: P4 | AO23: W3 | AP23: A4 | AQ23: G3 | AR23: F3 | AS23: Seco | AT23: Rocha alteradae metrorizada | AV23: =+VLOOKUP(AN23,Leyenda!$B$30:$E$34,3,FALSE) -> 1 | AW23: =+VLOOKUP('2. Logging Brejo Seco'!AO23,Meteorizacion,3,FALSE) -> 1 | AX23: =+VLOOKUP('2. Logging Brejo Seco'!AP23,Apertura,3,FALSE) -> 0 | AY23: =+VLOOKUP('2. Logging Brejo Seco'!AQ23,Leyenda!$B$55:$D$59,3,FALSE) -> 3 | AZ23: =+VLOOKUP('2. Logging Brejo Seco'!AR23,Relleno,3,FALSE) -> 2 | BA23: =+SUM(AV23:AZ23) -> 7 | BB23: =ROUND(-0.0002*POWER(V23,2)+0.2197*V23,0) -> 5 | BC23: =VLOOKUP(AM23,Leyenda!$B$4:$D$10,3,FALSE) -> 1 | BD23: =IF(Z23="",ROUND((IF(Z23<=400,1.5478*POWER(Z23,0.3351),-2*POWER(10,-6)*POWER(Z23,2)+0.0091*Z23+8.1704)),0),ROUND((IF(Z23<=400,1.5478*POWER(Z23,0.3351),-2*POWER(10,-6)*POWER(Z23,2)+0.0091*Z23+8.1704)),0)) -> 7 | BE23: =+BA23 -> 7 | BF23: =VLOOKUP(AS23,Leyenda!$B$70:$D$75,3,FALSE) -> 15 | BG23: =1.5*BA23+(V23*0.5) -> 21.5 | BH23: =VLOOKUP(AM23,Leyenda!$B$4:$E$10,4,FALSE) -> 1 | BI23: =IF(Z23="",ROUND(IF(Z23<=50,5,IF(Z23>=3000,30,6.038*LN(Z23)-19.63)),0),ROUND(IF(Z23<=50,5,IF(Z23>=3000,30,6.038*LN(Z23)-19.63)),0)) -> 8 | BJ23: =ROUND(-0.0002*POWER(V23,2)+0.2197*V23,0) -> 5 | BK23: =+VLOOKUP('2. Logging Brejo Seco'!AP23,Leyenda!$B$47:$E$51,4,FALSE) -> 0 | BL23: =+VLOOKUP('2. Logging Brejo Seco'!AQ23,Leyenda!$B$55:$E$59,4,FALSE) -> 3 | BM23: =+VLOOKUP('2. Logging Brejo Seco'!AR23,Leyenda!$B$63:$E$67,3,FALSE) -> 2 | BN23: =+VLOOKUP('2. Logging Brejo Seco'!AO23,Leyenda!$B$39:$E$43,4,FALSE) -> 1 | BO23: =+VLOOKUP('2. Logging Brejo Seco'!AN23,Leyenda!$B$30:$E$34,4,FALSE) -> 1 | BP23: =VLOOKUP(AS23,Leyenda!$B$71:$E$75,4,FALSE) -> 10 | BQ23: =+BH23+BI23+BJ23+BK23+BL23+BM23+BN23+BO23+BP23 -> 31 | BR23: =+BC23+BD23+BB23+BE23+BF23 -> 35 | BS23: =1-N23 -> 0.1
A24: Brejo Seco | B24: 2024 | C24: PNM | D24: GEOTEC-01 | E24: 50 | F24: 50 | G24: P0723_Sap_Fe | H24: =+F24 -> 50 | J24: Rocha sá, serpentinito alterado | K24: =+L23 -> 10.5 | L24: =+K24+0.5 -> 11 | M24: =+L24-K24 -> 0.5 | N24: 0.64 | O24: =1-N24 -> 0.36 | P24: =+M24*N24 -> 0.32 | Q24: =+N24*M24 -> 0.32 | R24: 16 | S24: 20 | T24: 0.27 | U24: 0 | V24: =+U24/M24*100 -> 0 | W24: 13 | Y24: =+W24+X24 -> 13 | Z24: =+IF(T24=0,"",(T24*1000)/Y24) -> 20.769231 | AA24: 0 | AB24: A4 | AC24: F5 | AD24: C3 | AE24: 20 | AF24: 16 | AG24: R1 | AH24: =+AG24 -> R1 | AI24: =+VLOOKUP(AH24,Leyenda!$O$4:$U$10,6,FALSE) -> 0,15-0,25 | AJ24: =+VLOOKUP(AH24,Leyenda!$O$4:$U$10,7,FALSE) -> No Blasting need | AK24: =+VLOOKUP(AJ24,Leyenda!$U$4:$V$10,2,FALSE) -> 2 | AL24: R2 | AM24: =+AH24 -> R1 | AN24: P4 | AO24: W3 | AP24: A4 | AQ24: G3 | AR24: F3 | AS24: Seco | AT24: Rocha alteradae metrorizada | AV24: =+VLOOKUP(AN24,Leyenda!$B$30:$E$34,3,FALSE) -> 1 | AW24: =+VLOOKUP('2. Logging Brejo Seco'!AO24,Meteorizacion,3,FALSE) -> 1 | AX24: =+VLOOKUP('2. Logging Brejo Seco'!AP24,Apertura,3,FALSE) -> 0 | AY24: =+VLOOKUP('2. Logging Brejo Seco'!AQ24,Leyenda!$B$55:$D$59,3,FALSE) -> 3 | AZ24: =+VLOOKUP('2. Logging Brejo Seco'!AR24,Relleno,3,FALSE) -> 2 | BA24: =+SUM(AV24:AZ24) -> 7 | BB24: =ROUND(-0.0002*POWER(V24,2)+0.2197*V24,0) -> 0 | BC24: =VLOOKUP(AM24,Leyenda!$B$4:$D$10,3,FALSE) -> 1 | BD24: =IF(Z24="",ROUND((IF(Z24<=400,1.5478*POWER(Z24,0.3351),-2*POWER(10,-6)*POWER(Z24,2)+0.0091*Z24+8.1704)),0),ROUND((IF(Z24<=400,1.5478*POWER(Z24,0.3351),-2*POWER(10,-6)*POWER(Z24,2)+0.0091*Z24+8.1704)),0)) -> 4 | BE24: =+BA24 -> 7 | BF24: =VLOOKUP(AS24,Leyenda!$B$70:$D$75,3,FALSE) -> 15 | BG24: =1.5*BA24+(V24*0.5) -> 10.5 | BH24: =VLOOKUP(AM24,Leyenda!$B$4:$E$10,4,FALSE) -> 1 | BI24: =IF(Z24="",ROUND(IF(Z24<=50,5,IF(Z24>=3000,30,6.038*LN(Z24)-19.63)),0),ROUND(IF(Z24<=50,5,IF(Z24>=3000,30,6.038*LN(Z24)-19.63)),0)) -> 5 | BJ24: =ROUND(-0.0002*POWER(V24,2)+0.2197*V24,0) -> 0 | BK24: =+VLOOKUP('2. Logging Brejo Seco'!AP24,Leyenda!$B$47:$E$51,4,FALSE) -> 0 | BL24: =+VLOOKUP('2. Logging Brejo Seco'!AQ24,Leyenda!$B$55:$E$59,4,FALSE) -> 3 | BM24: =+VLOOKUP('2. Logging Brejo Seco'!AR24,Leyenda!$B$63:$E$67,3,FALSE) -> 2 | BN24: =+VLOOKUP('2. Logging Brejo Seco'!AO24,Leyenda!$B$39:$E$43,4,FALSE) -> 1 | BO24: =+VLOOKUP('2. Logging Brejo Seco'!AN24,Leyenda!$B$30:$E$34,4,FALSE) -> 1 | BP24: =VLOOKUP(AS24,Leyenda!$B$71:$E$75,4,FALSE) -> 10 | BQ24: =+BH24+BI24+BJ24+BK24+BL24+BM24+BN24+BO24+BP24 -> 23 | BR24: =+BC24+BD24+BB24+BE24+BF24 -> 27 | BS24: =1-N24 -> 0.36
A25: Brejo Seco | B25: 2024 | C25: PNM | D25: GEOTEC-01 | E25: 50 | F25: 50 | G25: P0723_Sap_Fe | H25: =+F25 -> 50 | J25: Rocha sá, serpentinito alterado | K25: =+L24 -> 11 | L25: =+K25+0.5 -> 11.5 | M25: =+L25-K25 -> 0.5 | N25: 0.6 | O25: =1-N25 -> 0.4 | P25: =+M25*N25 -> 0.3 | Q25: =+N25*M25 -> 0.3 | R25: 15 | S25: 20 | T25: 0.29 | U25: 0 | V25: =+U25/M25*100 -> 0 | W25: 10 | Y25: =+W25+X25 -> 10 | Z25: =+IF(T25=0,"",(T25*1000)/Y25) -> 29 | AA25: 0 | AB25: A4 | AC25: F5 | AD25: C3 | AE25: 20 | AF25: 15 | AG25: R1 | AH25: =+AG25 -> R1 | AI25: =+VLOOKUP(AH25,Leyenda!$O$4:$U$10,6,FALSE) -> 0,15-0,25 | AJ25: =+VLOOKUP(AH25,Leyenda!$O$4:$U$10,7,FALSE) -> No Blasting need | AK25: =+VLOOKUP(AJ25,Leyenda!$U$4:$V$10,2,FALSE) -> 2 | AL25: R3 | AM25: =+AH25 -> R1 | AN25: P2 | AO25: W2 | AP25: A2 | AQ25: G2 | AR25: F1 | AS25: Seco | AT25: Rocha alteradae metrorizada | AV25: =+VLOOKUP(AN25,Leyenda!$B$30:$E$34,3,FALSE) -> 4 | AW25: =+VLOOKUP('2. Logging Brejo Seco'!AO25,Meteorizacion,3,FALSE) -> 3 | AX25: =+VLOOKUP('2. Logging Brejo Seco'!AP25,Apertura,3,FALSE) -> 3 | AY25: =+VLOOKUP('2. Logging Brejo Seco'!AQ25,Leyenda!$B$55:$D$59,3,FALSE) -> 4 | AZ25: =+VLOOKUP('2. Logging Brejo Seco'!AR25,Relleno,3,FALSE) -> 4 | BA25: =+SUM(AV25:AZ25) -> 18 | BB25: =ROUND(-0.0002*POWER(V25,2)+0.2197*V25,0) -> 0 | BC25: =VLOOKUP(AM25,Leyenda!$B$4:$D$10,3,FALSE) -> 1 | BD25: =IF(Z25="",ROUND((IF(Z25<=400,1.5478*POWER(Z25,0.3351),-2*POWER(10,-6)*POWER(Z25,2)+0.0091*Z25+8.1704)),0),ROUND((IF(Z25<=400,1.5478*POWER(Z25,0.3351),-2*POWER(10,-6)*POWER(Z25,2)+0.0091*Z25+8.1704)),0)) -> 5 | BE25: =+BA25 -> 18 | BF25: =VLOOKUP(AS25,Leyenda!$B$70:$D$75,3,FALSE) -> 15 | BG25: =1.5*BA25+(V25*0.5) -> 27 | BH25: =VLOOKUP(AM25,Leyenda!$B$4:$E$10,4,FALSE) -> 1 | BI25: =IF(Z25="",ROUND(IF(Z25<=50,5,IF(Z25>=3000,30,6.038*LN(Z25)-19.63)),0),ROUND(IF(Z25<=50,5,IF(Z25>=3000,30,6.038*LN(Z25)-19.63)),0)) -> 5 | BJ25: =ROUND(-0.0002*POWER(V25,2)+0.2197*V25,0) -> 0 | BK25: =+VLOOKUP('2. Logging Brejo Seco'!AP25,Leyenda!$B$47:$E$51,4,FALSE) -> 3 | BL25: =+VLOOKUP('2. Logging Brejo Seco'!AQ25,Leyenda!$B$55:$E$59,4,FALSE) -> 4 | BM25: =+VLOOKUP('2. Logging Brejo Seco'!AR25,Leyenda!$B$63:$E$67,3,FALSE) -> 4 | BN25: =+VLOOKUP('2. Logging Brejo Seco'!AO25,Leyenda!$B$39:$E$43,4,FALSE) -> 3 | BO25: =+VLOOKUP('2. Logging Brejo Seco'!AN25,Leyenda!$B$30:$E$34,4,FALSE) -> 4 | BP25: =VLOOKUP(AS25,Leyenda!$B$71:$E$75,4,FALSE) -> 10 | BQ25: =+BH25+BI25+BJ25+BK25+BL25+BM25+BN25+BO25+BP25 -> 34 | BR25: =+BC25+BD25+BB25+BE25+BF25 -> 39 | BS25: =1-N25 -> 0.4
A26: Brejo Seco | B26: 2024 | C26: PNM | D26: GEOTEC-01 | E26: 50 | F26: 50 | G26: P0723_Sap_Fe | H26: =+F26 -> 50 | J26: Rocha sá, serpentinito alterado | K26: =+L25 -> 11.5 | L26: =+K26+0.5 -> 12 | M26: =+L26-K26 -> 0.5 | N26: 0.62 | O26: =1-N26 -> 0.38 | P26: =+M26*N26 -> 0.31 | Q26: =+N26*M26 -> 0.31 | R26: 310 | S26: 1 | T26: 0.32 | U26: 0.16 | V26: =+U26/M26*100 -> 32 | W26: 0 | Y26: 10 | Z26: =+IF(T26=0,"",(T26*1000)/Y26) -> 32 | AA26: 34 | AB26: A3 | AC26: F1 | AD26: C3 | AE26: 1 | AF26: 310 | AG26: R3 | AH26: =+AG26 -> R3 | AI26: =+VLOOKUP(AH26,Leyenda!$O$4:$U$10,6,FALSE) -> 0,35-0,50 | AJ26: =+VLOOKUP(AH26,Leyenda!$O$4:$U$10,7,FALSE) -> Easy to blast | AK26: =+VLOOKUP(AJ26,Leyenda!$U$4:$V$10,2,FALSE) -> 3 | AL26: R3 | AM26: =+AH26 -> R3 | AN26: P2 | AO26: W2 | AP26: A2 | AQ26: G2 | AR26: F1 | AS26: Seco | AT26: Amostras lab Geominas | AV26: =+VLOOKUP(AN26,Leyenda!$B$30:$E$34,3,FALSE) -> 4 | AW26: =+VLOOKUP('2. Logging Brejo Seco'!AO26,Meteorizacion,3,FALSE) -> 3 | AX26: =+VLOOKUP('2. Logging Brejo Seco'!AP26,Apertura,3,FALSE) -> 3 | AY26: =+VLOOKUP('2. Logging Brejo Seco'!AQ26,Leyenda!$B$55:$D$59,3,FALSE) -> 4 | AZ26: =+VLOOKUP('2. Logging Brejo Seco'!AR26,Relleno,3,FALSE) -> 4 | BA26: =+SUM(AV26:AZ26) -> 18 | BB26: =ROUND(-0.0002*POWER(V26,2)+0.2197*V26,0) -> 7 | BC26: =VLOOKUP(AM26,Leyenda!$B$4:$D$10,3,FALSE) -> 4 | BD26: =IF(Z26="",ROUND((IF(Z26<=400,1.5478*POWER(Z26,0.3351),-2*POWER(10,-6)*POWER(Z26,2)+0.0091*Z26+8.1704)),0),ROUND((IF(Z26<=400,1.5478*POWER(Z26,0.3351),-2*POWER(10,-6)*POWER(Z26,2)+0.0091*Z26+8.1704)),0)) -> 5 | BE26: =+BA26 -> 18 | BF26: =VLOOKUP(AS26,Leyenda!$B$70:$D$75,3,FALSE) -> 15 | BG26: =1.5*BA26+(V26*0.5) -> 43 | BH26: =VLOOKUP(AM26,Leyenda!$B$4:$E$10,4,FALSE) -> 4 | BI26: =IF(Z26="",ROUND(IF(Z26<=50,5,IF(Z26>=3000,30,6.038*LN(Z26)-19.63)),0),ROUND(IF(Z26<=50,5,IF(Z26>=3000,30,6.038*LN(Z26)-19.63)),0)) -> 5 | BJ26: =ROUND(-0.0002*POWER(V26,2)+0.2197*V26,0) -> 7 | BK26: =+VLOOKUP('2. Logging Brejo Seco'!AP26,Leyenda!$B$47:$E$51,4,FALSE) -> 3 | BL26: =+VLOOKUP('2. Logging Brejo Seco'!AQ26,Leyenda!$B$55:$E$59,4,FALSE) -> 4 | BM26: =+VLOOKUP('2. Logging Brejo Seco'!AR26,Leyenda!$B$63:$E$67,3,FALSE) -> 4 | BN26: =+VLOOKUP('2. Logging Brejo Seco'!AO26,Leyenda!$B$39:$E$43,4,FALSE) -> 3 | BO26: =+VLOOKUP('2. Logging Brejo Seco'!AN26,Leyenda!$B$30:$E$34,4,FALSE) -> 4 | BP26: =VLOOKUP(AS26,Leyenda!$B$71:$E$75,4,FALSE) -> 10 | BQ26: =+BH26+BI26+BJ26+BK26+BL26+BM26+BN26+BO26+BP26 -> 44 | BR26: =+BC26+BD26+BB26+BE26+BF26 -> 49 | BS26: =1-N26 -> 0.38
A27: Brejo Seco | B27: 2024 | C27: PNM | D27: GEOTEC-01 | E27: 40 | F27: 40 | G27: P025_Silica_Zone | H27: =+F27 -> 40 | J27: Rocha sá, serpentinito alterado | K27: =+L26 -> 12 | L27: =+K27+0.5 -> 12.5 | M27: =+L27-K27 -> 0.5 | N27: 0.7 | O27: =1-N27 -> 0.3 | P27: =+M27*N27 -> 0.35 | Q27: =+N27*M27 -> 0.35 | R27: 350 | S27: 1 | T27: 0.22 | U27: 0.19 | V27: =+U27/M27*100 -> 38 | W27: 5 | Y27: =+W27+X27 -> 5 | Z27: =+IF(T27=0,"",(T27*1000)/Y27) -> 44 | AA27: 26 | AB27: A2 | AC27: F1 | AD27: C3 | AE27: 1 | AF27: 350 | AG27: R2 | AH27: =+AG27 -> R2 | AI27: =+VLOOKUP(AH27,Leyenda!$O$4:$U$10,6,FALSE) -> 0,25-0,35 | AJ27: =+VLOOKUP(AH27,Leyenda!$O$4:$U$10,7,FALSE) -> No Blasting need | AK27: =+VLOOKUP(AJ27,Leyenda!$U$4:$V$10,2,FALSE) -> 2 | AL27: R3 | AM27: =+AH27 -> R2 | AN27: P2 | AO27: W2 | AP27: A2 | AQ27: G2 | AR27: F1 | AS27: Seco | AT27: Amostras lab Geominas | AV27: =+VLOOKUP(AN27,Leyenda!$B$30:$E$34,3,FALSE) -> 4 | AW27: =+VLOOKUP('2. Logging Brejo Seco'!AO27,Meteorizacion,3,FALSE) -> 3 | AX27: =+VLOOKUP('2. Logging Brejo Seco'!AP27,Apertura,3,FALSE) -> 3 | AY27: =+VLOOKUP('2. Logging Brejo Seco'!AQ27,Leyenda!$B$55:$D$59,3,FALSE) -> 4 | AZ27: =+VLOOKUP('2. Logging Brejo Seco'!AR27,Relleno,3,FALSE) -> 4 | BA27: =+SUM(AV27:AZ27) -> 18 | BB27: =ROUND(-0.0002*POWER(V27,2)+0.2197*V27,0) -> 8 | BC27: =VLOOKUP(AM27,Leyenda!$B$4:$D$10,3,FALSE) -> 2 | BD27: =IF(Z27="",ROUND((IF(Z27<=400,1.5478*POWER(Z27,0.3351),-2*POWER(10,-6)*POWER(Z27,2)+0.0091*Z27+8.1704)),0),ROUND((IF(Z27<=400,1.5478*POWER(Z27,0.3351),-2*POWER(10,-6)*POWER(Z27,2)+0.0091*Z27+8.1704)),0)) -> 6 | BE27: =+BA27 -> 18 | BF27: =VLOOKUP(AS27,Leyenda!$B$70:$D$75,3,FALSE) -> 15 | BG27: =1.5*BA27+(V27*0.5) -> 46 | BH27: =VLOOKUP(AM27,Leyenda!$B$4:$E$10,4,FALSE) -> 2 | BI27: =IF(Z27="",ROUND(IF(Z27<=50,5,IF(Z27>=3000,30,6.038*LN(Z27)-19.63)),0),ROUND(IF(Z27<=50,5,IF(Z27>=3000,30,6.038*LN(Z27)-19.63)),0)) -> 5 | BJ27: =ROUND(-0.0002*POWER(V27,2)+0.2197*V27,0) -> 8 | BK27: =+VLOOKUP('2. Logging Brejo Seco'!AP27,Leyenda!$B$47:$E$51,4,FALSE) -> 3 | BL27: =+VLOOKUP('2. Logging Brejo Seco'!AQ27,Leyenda!$B$55:$E$59,4,FALSE) -> 4 | BM27: =+VLOOKUP('2. Logging Brejo Seco'!AR27,Leyenda!$B$63:$E$67,3,FALSE) -> 4 | BN27: =+VLOOKUP('2. Logging Brejo Seco'!AO27,Leyenda!$B$39:$E$43,4,FALSE) -> 3 | BO27: =+VLOOKUP('2. Logging Brejo Seco'!AN27,Leyenda!$B$30:$E$34,4,FALSE) -> 4 | BP27: =VLOOKUP(AS27,Leyenda!$B$71:$E$75,4,FALSE) -> 10 | BQ27: =+BH27+BI27+BJ27+BK27+BL27+BM27+BN27+BO27+BP27 -> 43 | BR27: =+BC27+BD27+BB27+BE27+BF27 -> 49 | BS27: =1-N27 -> 0.3
A28: Brejo Seco | B28: 2024 | C28: PNM | D28: GEOTEC-01 | E28: 40 | F28: 40 | G28: P025_Silica_Zone | H28: =+F28 -> 40 | J28: Rocha sá, serpentinito alterado | K28: =+L27 -> 12.5 | L28: =+K28+0.5 -> 13 | M28: =+L28-K28 -> 0.5 | N28: 0.5 | O28: =1-N28 -> 0.5 | P28: =+M28*N28 -> 0.25 | Q28: =+N28*M28 -> 0.25 | R28: 50 | S28: 5 | T28: 0.23 | U28: 0.11 | V28: =+U28/M28*100 -> 22 | W28: 5 | Y28: =+W28+X28 -> 5 | Z28: =+IF(T28=0,"",(T28*1000)/Y28) -> 46 | AA28: 24 | AB28: A2 | AC28: F2 | AD28: C3 | AE28: 5 | AF28: 50 | AG28: R1 | AH28: =+AG28 -> R1 | AI28: =+VLOOKUP(AH28,Leyenda!$O$4:$U$10,6,FALSE) -> 0,15-0,25 | AJ28: =+VLOOKUP(AH28,Leyenda!$O$4:$U$10,7,FALSE) -> No Blasting need | AK28: =+VLOOKUP(AJ28,Leyenda!$U$4:$V$10,2,FALSE) -> 2 | AL28: R4 | AM28: =+AH28 -> R1 | AN28: P2 | AO28: W1 | AP28: A2 | AQ28: G3 | AR28: F2 | AS28: Seco | AT28: Venillas de calcedonia | AV28: =+VLOOKUP(AN28,Leyenda!$B$30:$E$34,3,FALSE) -> 4 | AW28: =+VLOOKUP('2. Logging Brejo Seco'!AO28,Meteorizacion,3,FALSE) -> 5 | AX28: =+VLOOKUP('2. Logging Brejo Seco'!AP28,Apertura,3,FALSE) -> 3 | AY28: =+VLOOKUP('2. Logging Brejo Seco'!AQ28,Leyenda!$B$55:$D$59,3,FALSE) -> 3 | AZ28: =+VLOOKUP('2. Logging Brejo Seco'!AR28,Relleno,3,FALSE) -> 2 | BA28: =+SUM(AV28:AZ28) -> 17 | BB28: =ROUND(-0.0002*POWER(V28,2)+0.2197*V28,0) -> 5 | BC28: =VLOOKUP(AM28,Leyenda!$B$4:$D$10,3,FALSE) -> 1 | BD28: =IF(Z28="",ROUND((IF(Z28<=400,1.5478*POWER(Z28,0.3351),-2*POWER(10,-6)*POWER(Z28,2)+0.0091*Z28+8.1704)),0),ROUND((IF(Z28<=400,1.5478*POWER(Z28,0.3351),-2*POWER(10,-6)*POWER(Z28,2)+0.0091*Z28+8.1704)),0)) -> 6 | BE28: =+BA28 -> 17 | BF28: =VLOOKUP(AS28,Leyenda!$B$70:$D$75,3,FALSE) -> 15 | BG28: =1.5*BA28+(V28*0.5) -> 36.5 | BH28: =VLOOKUP(AM28,Leyenda!$B$4:$E$10,4,FALSE) -> 1 | BI28: =IF(Z28="",ROUND(IF(Z28<=50,5,IF(Z28>=3000,30,6.038*LN(Z28)-19.63)),0),ROUND(IF(Z28<=50,5,IF(Z28>=3000,30,6.038*LN(Z28)-19.63)),0)) -> 5 | BJ28: =ROUND(-0.0002*POWER(V28,2)+0.2197*V28,0) -> 5 | BK28: =+VLOOKUP('2. Logging Brejo Seco'!AP28,Leyenda!$B$47:$E$51,4,FALSE) -> 3 | BL28: =+VLOOKUP('2. Logging Brejo Seco'!AQ28,Leyenda!$B$55:$E$59,4,FALSE) -> 3 | BM28: =+VLOOKUP('2. Logging Brejo Seco'!AR28,Leyenda!$B$63:$E$67,3,FALSE) -> 2 | BN28: =+VLOOKUP('2. Logging Brejo Seco'!AO28,Leyenda!$B$39:$E$43,4,FALSE) -> 4 | BO28: =+VLOOKUP('2. Logging Brejo Seco'!AN28,Leyenda!$B$30:$E$34,4,FALSE) -> 4 | BP28: =VLOOKUP(AS28,Leyenda!$B$71:$E$75,4,FALSE) -> 10 | BQ28: =+BH28+BI28+BJ28+BK28+BL28+BM28+BN28+BO28+BP28 -> 37 | BR28: =+BC28+BD28+BB28+BE28+BF28 -> 44 | BS28: =1-N28 -> 0.5
A29: Brejo Seco | B29: 2024 | C29: PNM | D29: GEOTEC-01 | E29: 40 | F29: 40 | G29: P025_Silica_Zone | H29: =+F29 -> 40 | J29: Rocha sá, serpentinito alterado | K29: =+L28 -> 13 | L29: =+K29+0.5 -> 13.5 | M29: =+L29-K29 -> 0.5 | N29: 0.5 | O29: =1-N29 -> 0.5 | P29: =+M29*N29 -> 0.25 | Q29: =+N29*M29 -> 0.25 | R29: 12.5 | S29: 20 | T29: 0.22 | U29: 0.12 | V29: =+U29/M29*100 -> 24 | W29: 3 | Y29: =+W29+X29 -> 3 | Z29: =+IF(T29=0,"",(T29*1000)/Y29) -> 73.333333 | AA29: 0 | AB29: A3 | AC29: F5 | AD29: C5 | AE29: 20 | AF29: 12.5 | AG29: R2 | AH29: =+AG29 -> R2 | AI29: =+VLOOKUP(AH29,Leyenda!$O$4:$U$10,6,FALSE) -> 0,25-0,35 | AJ29: =+VLOOKUP(AH29,Leyenda!$O$4:$U$10,7,FALSE) -> No Blasting need | AK29: =+VLOOKUP(AJ29,Leyenda!$U$4:$V$10,2,FALSE) -> 2 | AL29: R0 | AM29: =+AH29 -> R2 | AN29: P4 | AO29: W4 | AP29: A4 | AQ29: G3 | AR29: F4 | AS29: Seco | AT29: Zonas de falhas | AV29: =+VLOOKUP(AN29,Leyenda!$B$30:$E$34,3,FALSE) -> 1 | AW29: =+VLOOKUP('2. Logging Brejo Seco'!AO29,Meteorizacion,3,FALSE) -> 0 | AX29: =+VLOOKUP('2. Logging Brejo Seco'!AP29,Apertura,3,FALSE) -> 0 | AY29: =+VLOOKUP('2. Logging Brejo Seco'!AQ29,Leyenda!$B$55:$D$59,3,FALSE) -> 3 | AZ29: =+VLOOKUP('2. Logging Brejo Seco'!AR29,Relleno,3,FALSE) -> 0 | BA29: =+SUM(AV29:AZ29) -> 4 | BB29: =ROUND(-0.0002*POWER(V29,2)+0.2197*V29,0) -> 5 | BC29: =VLOOKUP(AM29,Leyenda!$B$4:$D$10,3,FALSE) -> 2 | BD29: =IF(Z29="",ROUND((IF(Z29<=400,1.5478*POWER(Z29,0.3351),-2*POWER(10,-6)*POWER(Z29,2)+0.0091*Z29+8.1704)),0),ROUND((IF(Z29<=400,1.5478*POWER(Z29,0.3351),-2*POWER(10,-6)*POWER(Z29,2)+0.0091*Z29+8.1704)),0)) -> 7 | BE29: =+BA29 -> 4 | BF29: =VLOOKUP(AS29,Leyenda!$B$70:$D$75,3,FALSE) -> 15 | BG29: =1.5*BA29+(V29*0.5) -> 18 | BH29: =VLOOKUP(AM29,Leyenda!$B$4:$E$10,4,FALSE) -> 2 | BI29: =IF(Z29="",ROUND(IF(Z29<=50,5,IF(Z29>=3000,30,6.038*LN(Z29)-19.63)),0),ROUND(IF(Z29<=50,5,IF(Z29>=3000,30,6.038*LN(Z29)-19.63)),0)) -> 6 | BJ29: =ROUND(-0.0002*POWER(V29,2)+0.2197*V29,0) -> 5 | BK29: =+VLOOKUP('2. Logging Brejo Seco'!AP29,Leyenda!$B$47:$E$51,4,FALSE) -> 0 | BL29: =+VLOOKUP('2. Logging Brejo Seco'!AQ29,Leyenda!$B$55:$E$59,4,FALSE) -> 3 | BM29: =+VLOOKUP('2. Logging Brejo Seco'!AR29,Leyenda!$B$63:$E$67,3,FALSE) -> 0 | BN29: =+VLOOKUP('2. Logging Brejo Seco'!AO29,Leyenda!$B$39:$E$43,4,FALSE) -> 0 | BO29: =+VLOOKUP('2. Logging Brejo Seco'!AN29,Leyenda!$B$30:$E$34,4,FALSE) -> 1 | BP29: =VLOOKUP(AS29,Leyenda!$B$71:$E$75,4,FALSE) -> 10 | BQ29: =+BH29+BI29+BJ29+BK29+BL29+BM29+BN29+BO29+BP29 -> 27 | BR29: =+BC29+BD29+BB29+BE29+BF29 -> 33 | BS29: =1-N29 -> 0.5 | BT29: Soils
A30: Brejo Seco | B30: 2024 | C30: PNM | D30: GEOTEC-01 | E30: 40 | F30: 40 | G30: P025_Silica_Zone | H30: =+F30 -> 40 | J30: Rocha descomposta | K30: =+L29 -> 13.5 | L30: =+K30+0.5 -> 14 | M30: =+L30-K30 -> 0.5 | N30: 0.48 | O30: =1-N30 -> 0.52 | P30: =+M30*N30 -> 0.24 | Q30: =+N30*M30 -> 0.24 | R30: 12 | S30: 20 | T30: 0.42 | U30: 0.14 | V30: =+U30/M30*100 -> 28 | W30: 3 | Y30: =+W30+X30 -> 3 | Z30: =+IF(T30=0,"",(T30*1000)/Y30) -> 140 | AA30: 0 | AB30: A3 | AC30: F5 | AD30: C5 | AE30: 20 | AF30: 12 | AG30: R1 | AH30: =+AG30 -> R1 | AI30: =+VLOOKUP(AH30,Leyenda!$O$4:$U$10,6,FALSE) -> 0,15-0,25 | AJ30: =+VLOOKUP(AH30,Leyenda!$O$4:$U$10,7,FALSE) -> No Blasting need | AK30: =+VLOOKUP(AJ30,Leyenda!$U$4:$V$10,2,FALSE) -> 2 | AL30: R0 | AM30: =+AH30 -> R1 | AN30: P4 | AO30: W4 | AP30: A4 | AQ30: G3 | AR30: F4 | AS30: Seco | AT30: Zonas de falhas | AV30: =+VLOOKUP(AN30,Leyenda!$B$30:$E$34,3,FALSE) -> 1 | AW30: =+VLOOKUP('2. Logging Brejo Seco'!AO30,Meteorizacion,3,FALSE) -> 0 | AX30: =+VLOOKUP('2. Logging Brejo Seco'!AP30,Apertura,3,FALSE) -> 0 | AY30: =+VLOOKUP('2. Logging Brejo Seco'!AQ30,Leyenda!$B$55:$D$59,3,FALSE) -> 3 | AZ30: =+VLOOKUP('2. Logging Brejo Seco'!AR30,Relleno,3,FALSE) -> 0 | BA30: =+SUM(AV30:AZ30) -> 4 | BB30: =ROUND(-0.0002*POWER(V30,2)+0.2197*V30,0) -> 6 | BC30: =VLOOKUP(AM30,Leyenda!$B$4:$D$10,3,FALSE) -> 1 | BD30: =IF(Z30="",ROUND((IF(Z30<=400,1.5478*POWER(Z30,0.3351),-2*POWER(10,-6)*POWER(Z30,2)+0.0091*Z30+8.1704)),0),ROUND((IF(Z30<=400,1.5478*POWER(Z30,0.3351),-2*POWER(10,-6)*POWER(Z30,2)+0.0091*Z30+8.1704)),0)) -> 8 | BE30: =+BA30 -> 4 | BF30: =VLOOKUP(AS30,Leyenda!$B$70:$D$75,3,FALSE) -> 15 | BG30: =1.5*BA30+(V30*0.5) -> 20 | BH30: =VLOOKUP(AM30,Leyenda!$B$4:$E$10,4,FALSE) -> 1 | BI30: =IF(Z30="",ROUND(IF(Z30<=50,5,IF(Z30>=3000,30,6.038*LN(Z30)-19.63)),0),ROUND(IF(Z30<=50,5,IF(Z30>=3000,30,6.038*LN(Z30)-19.63)),0)) -> 10 | BJ30: =ROUND(-0.0002*POWER(V30,2)+0.2197*V30,0) -> 6 | BK30: =+VLOOKUP('2. Logging Brejo Seco'!AP30,Leyenda!$B$47:$E$51,4,FALSE) -> 0 | BL30: =+VLOOKUP('2. Logging Brejo Seco'!AQ30,Leyenda!$B$55:$E$59,4,FALSE) -> 3 | BM30: =+VLOOKUP('2. Logging Brejo Seco'!AR30,Leyenda!$B$63:$E$67,3,FALSE) -> 0 | BN30: =+VLOOKUP('2. Logging Brejo Seco'!AO30,Leyenda!$B$39:$E$43,4,FALSE) -> 0 | BO30: =+VLOOKUP('2. Logging Brejo Seco'!AN30,Leyenda!$B$30:$E$34,4,FALSE) -> 1 | BP30: =VLOOKUP(AS30,Leyenda!$B$71:$E$75,4,FALSE) -> 10 | BQ30: =+BH30+BI30+BJ30+BK30+BL30+BM30+BN30+BO30+BP30 -> 31 | BR30: =+BC30+BD30+BB30+BE30+BF30 -> 34 | BS30: =1-N30 -> 0.52 | BT30: Soils
A31: Brejo Seco | B31: 2024 | C31: PNM | D31: GEOTEC-01 | E31: 40 | F31: 40 | G31: P025_Silica_Zone | H31: =+F31 -> 40 | J31: Rocha descomposta | K31: =+L30 -> 14 | L31: =+K31+0.5 -> 14.5 | M31: =+L31-K31 -> 0.5 | N31: 0.9 | O31: =1-N31 -> 0.1 | P31: =+M31*N31 -> 0.45 | Q31: =+N31*M31 -> 0.45 | R31: 22.5 | S31: 20 | T31: 0.42 | U31: 0.22 | V31: =+U31/M31*100 -> 44 | W31: 6 | Y31: =+W31+X31 -> 6 | Z31: =+IF(T31=0,"",(T31*1000)/Y31) -> 70 | AA31: 0 | AB31: A2 | AC31: F5 | AD31: C5 | AE31: 20 | AF31: 22.5 | AG31: R1 | AH31: =+AG31 -> R1 | AI31: =+VLOOKUP(AH31,Leyenda!$O$4:$U$10,6,FALSE) -> 0,15-0,25 | AJ31: =+VLOOKUP(AH31,Leyenda!$O$4:$U$10,7,FALSE) -> No Blasting need | AK31: =+VLOOKUP(AJ31,Leyenda!$U$4:$V$10,2,FALSE) -> 2 | AL31: R5 | AM31: =+AH31 -> R1 | AN31: P2 | AO31: W2 | AP31: A2 | AQ31: G3 | AR31: F2 | AS31: Seco | AT31: Box word | AV31: =+VLOOKUP(AN31,Leyenda!$B$30:$E$34,3,FALSE) -> 4 | AW31: =+VLOOKUP('2. Logging Brejo Seco'!AO31,Meteorizacion,3,FALSE) -> 3 | AX31: =+VLOOKUP('2. Logging Brejo Seco'!AP31,Apertura,3,FALSE) -> 3 | AY31: =+VLOOKUP('2. Logging Brejo Seco'!AQ31,Leyenda!$B$55:$D$59,3,FALSE) -> 3 | AZ31: =+VLOOKUP('2. Logging Brejo Seco'!AR31,Relleno,3,FALSE) -> 2 | BA31: =+SUM(AV31:AZ31) -> 15 | BB31: =ROUND(-0.0002*POWER(V31,2)+0.2197*V31,0) -> 9 | BC31: =VLOOKUP(AM31,Leyenda!$B$4:$D$10,3,FALSE) -> 1 | BD31: =IF(Z31="",ROUND((IF(Z31<=400,1.5478*POWER(Z31,0.3351),-2*POWER(10,-6)*POWER(Z31,2)+0.0091*Z31+8.1704)),0),ROUND((IF(Z31<=400,1.5478*POWER(Z31,0.3351),-2*POWER(10,-6)*POWER(Z31,2)+0.0091*Z31+8.1704)),0)) -> 6 | BE31: =+BA31 -> 15 | BF31: =VLOOKUP(AS31,Leyenda!$B$70:$D$75,3,FALSE) -> 15 | BG31: =1.5*BA31+(V31*0.5) -> 44.5 | BH31: =VLOOKUP(AM31,Leyenda!$B$4:$E$10,4,FALSE) -> 1 | BI31: =IF(Z31="",ROUND(IF(Z31<=50,5,IF(Z31>=3000,30,6.038*LN(Z31)-19.63)),0),ROUND(IF(Z31<=50,5,IF(Z31>=3000,30,6.038*LN(Z31)-19.63)),0)) -> 6 | BJ31: =ROUND(-0.0002*POWER(V31,2)+0.2197*V31,0) -> 9 | BK31: =+VLOOKUP('2. Logging Brejo Seco'!AP31,Leyenda!$B$47:$E$51,4,FALSE) -> 3 | BL31: =+VLOOKUP('2. Logging Brejo Seco'!AQ31,Leyenda!$B$55:$E$59,4,FALSE) -> 3 | BM31: =+VLOOKUP('2. Logging Brejo Seco'!AR31,Leyenda!$B$63:$E$67,3,FALSE) -> 2 | BN31: =+VLOOKUP('2. Logging Brejo Seco'!AO31,Leyenda!$B$39:$E$43,4,FALSE) -> 3 | BO31: =+VLOOKUP('2. Logging Brejo Seco'!AN31,Leyenda!$B$30:$E$34,4,FALSE) -> 4 | BP31: =VLOOKUP(AS31,Leyenda!$B$71:$E$75,4,FALSE) -> 10 | BQ31: =+BH31+BI31+BJ31+BK31+BL31+BM31+BN31+BO31+BP31 -> 41 | BR31: =+BC31+BD31+BB31+BE31+BF31 -> 46 | BS31: =1-N31 -> 0.1
A32: Brejo Seco | B32: 2024 | C32: PNM | D32: GEOTEC-01 | E32: 40 | F32: 40 | G32: P025_Silica_Zone | H32: =+F32 -> 40 | J32: Rocha alterada, serpentinito | K32: =+L31 -> 14.5 | L32: =+K32+0.5 -> 15 | M32: =+L32-K32 -> 0.5 | N32: 0.9 | O32: =1-N32 -> 0.1 | P32: =+M32*N32 -> 0.45 | Q32: =+N32*M32 -> 0.45 | R32: 22.5 | S32: 20 | T32: 0.37 | U32: 0.2 | V32: =+U32/M32*100 -> 40 | W32: 4 | Y32: =+W32+X32 -> 4 | Z32: =+IF(T32=0,"",(T32*1000)/Y32) -> 92.5 | AA32: 0 | AB32: A2 | AC32: F5 | AD32: C3 | AE32: 20 | AF32: 22.5 | AG32: R1 | AH32: =+AG32 -> R1 | AI32: =+VLOOKUP(AH32,Leyenda!$O$4:$U$10,6,FALSE) -> 0,15-0,25 | AJ32: =+VLOOKUP(AH32,Leyenda!$O$4:$U$10,7,FALSE) -> No Blasting need | AK32: =+VLOOKUP(AJ32,Leyenda!$U$4:$V$10,2,FALSE) -> 2 | AL32: R5 | AM32: =+AH32 -> R1 | AN32: P2 | AO32: W2 | AP32: A2 | AQ32: G3 | AR32: F2 | AS32: Seco | AT32: Box word | AV32: =+VLOOKUP(AN32,Leyenda!$B$30:$E$34,3,FALSE) -> 4 | AW32: =+VLOOKUP('2. Logging Brejo Seco'!AO32,Meteorizacion,3,FALSE) -> 3 | AX32: =+VLOOKUP('2. Logging Brejo Seco'!AP32,Apertura,3,FALSE) -> 3 | AY32: =+VLOOKUP('2. Logging Brejo Seco'!AQ32,Leyenda!$B$55:$D$59,3,FALSE) -> 3 | AZ32: =+VLOOKUP('2. Logging Brejo Seco'!AR32,Relleno,3,FALSE) -> 2 | BA32: =+SUM(AV32:AZ32) -> 15 | BB32: =ROUND(-0.0002*POWER(V32,2)+0.2197*V32,0) -> 8 | BC32: =VLOOKUP(AM32,Leyenda!$B$4:$D$10,3,FALSE) -> 1 | BD32: =IF(Z32="",ROUND((IF(Z32<=400,1.5478*POWER(Z32,0.3351),-2*POWER(10,-6)*POWER(Z32,2)+0.0091*Z32+8.1704)),0),ROUND((IF(Z32<=400,1.5478*POWER(Z32,0.3351),-2*POWER(10,-6)*POWER(Z32,2)+0.0091*Z32+8.1704)),0)) -> 7 | BE32: =+BA32 -> 15 | BF32: =VLOOKUP(AS32,Leyenda!$B$70:$D$75,3,FALSE) -> 15 | BG32: =1.5*BA32+(V32*0.5) -> 42.5 | BH32: =VLOOKUP(AM32,Leyenda!$B$4:$E$10,4,FALSE) -> 1 | BI32: =IF(Z32="",ROUND(IF(Z32<=50,5,IF(Z32>=3000,30,6.038*LN(Z32)-19.63)),0),ROUND(IF(Z32<=50,5,IF(Z32>=3000,30,6.038*LN(Z32)-19.63)),0)) -> 8 | BJ32: =ROUND(-0.0002*POWER(V32,2)+0.2197*V32,0) -> 8 | BK32: =+VLOOKUP('2. Logging Brejo Seco'!AP32,Leyenda!$B$47:$E$51,4,FALSE) -> 3 | BL32: =+VLOOKUP('2. Logging Brejo Seco'!AQ32,Leyenda!$B$55:$E$59,4,FALSE) -> 3 | BM32: =+VLOOKUP('2. Logging Brejo Seco'!AR32,Leyenda!$B$63:$E$67,3,FALSE) -> 2 | BN32: =+VLOOKUP('2. Logging Brejo Seco'!AO32,Leyenda!$B$39:$E$43,4,FALSE) -> 3 | BO32: =+VLOOKUP('2. Logging Brejo Seco'!AN32,Leyenda!$B$30:$E$34,4,FALSE) -> 4 | BP32: =VLOOKUP(AS32,Leyenda!$B$71:$E$75,4,FALSE) -> 10 | BQ32: =+BH32+BI32+BJ32+BK32+BL32+BM32+BN32+BO32+BP32 -> 42 | BR32: =+BC32+BD32+BB32+BE32+BF32 -> 46 | BS32: =1-N32 -> 0.1
A33: Brejo Seco | B33: 2024 | C33: PNM | D33: GEOTEC-01 | E33: 40 | F33: 40 | G33: P025_Silica_Zone | H33: =+F33 -> 40 | J33: Rocha alterada, serpentinito | K33: =+L32 -> 15 | L33: =+K33+0.5 -> 15.5 | M33: =+L33-K33 -> 0.5 | N33: 0.74 | O33: =1-N33 -> 0.26 | P33: =+M33*N33 -> 0.37 | Q33: =+N33*M33 -> 0.37 | R33: 18.5 | S33: 20 | T33: 0.34 | U33: 0 | V33: =+U33/M33*100 -> 0 | W33: 7 | Y33: =+W33+X33 -> 7 | Z33: =+IF(T33=0,"",(T33*1000)/Y33) -> 48.571429 | AA33: 0 | AB33: A4 | AC33: F5 | AD33: C2 | AE33: 20 | AF33: 18.5 | AG33: R3 | AH33: =+AG33 -> R3 | AI33: =+VLOOKUP(AH33,Leyenda!$O$4:$U$10,6,FALSE) -> 0,35-0,50 | AJ33: =+VLOOKUP(AH33,Leyenda!$O$4:$U$10,7,FALSE) -> Easy to blast | AK33: =+VLOOKUP(AJ33,Leyenda!$U$4:$V$10,2,FALSE) -> 3 | AL33: R3 | AM33: =+AH33 -> R3 | AN33: P2 | AO33: W2 | AP33: A3 | AQ33: G4 | AR33: F3 | AS33: Seco | AT33: Completamente meteorizada | AV33: =+VLOOKUP(AN33,Leyenda!$B$30:$E$34,3,FALSE) -> 4 | AW33: =+VLOOKUP('2. Logging Brejo Seco'!AO33,Meteorizacion,3,FALSE) -> 3 | AX33: =+VLOOKUP('2. Logging Brejo Seco'!AP33,Apertura,3,FALSE) -> 1 | AY33: =+VLOOKUP('2. Logging Brejo Seco'!AQ33,Leyenda!$B$55:$D$59,3,FALSE) -> 1 | AZ33: =+VLOOKUP('2. Logging Brejo Seco'!AR33,Relleno,3,FALSE) -> 2 | BA33: =+SUM(AV33:AZ33) -> 11 | BB33: =ROUND(-0.0002*POWER(V33,2)+0.2197*V33,0) -> 0 | BC33: =VLOOKUP(AM33,Leyenda!$B$4:$D$10,3,FALSE) -> 4 | BD33: =IF(Z33="",ROUND((IF(Z33<=400,1.5478*POWER(Z33,0.3351),-2*POWER(10,-6)*POWER(Z33,2)+0.0091*Z33+8.1704)),0),ROUND((IF(Z33<=400,1.5478*POWER(Z33,0.3351),-2*POWER(10,-6)*POWER(Z33,2)+0.0091*Z33+8.1704)),0)) -> 6 | BE33: =+BA33 -> 11 | BF33: =VLOOKUP(AS33,Leyenda!$B$70:$D$75,3,FALSE) -> 15 | BG33: =1.5*BA33+(V33*0.5) -> 16.5 | BH33: =VLOOKUP(AM33,Leyenda!$B$4:$E$10,4,FALSE) -> 4 | BI33: =IF(Z33="",ROUND(IF(Z33<=50,5,IF(Z33>=3000,30,6.038*LN(Z33)-19.63)),0),ROUND(IF(Z33<=50,5,IF(Z33>=3000,30,6.038*LN(Z33)-19.63)),0)) -> 5 | BJ33: =ROUND(-0.0002*POWER(V33,2)+0.2197*V33,0) -> 0 | BK33: =+VLOOKUP('2. Logging Brejo Seco'!AP33,Leyenda!$B$47:$E$51,4,FALSE) -> 1 | BL33: =+VLOOKUP('2. Logging Brejo Seco'!AQ33,Leyenda!$B$55:$E$59,4,FALSE) -> 1 | BM33: =+VLOOKUP('2. Logging Brejo Seco'!AR33,Leyenda!$B$63:$E$67,3,FALSE) -> 2 | BN33: =+VLOOKUP('2. Logging Brejo Seco'!AO33,Leyenda!$B$39:$E$43,4,FALSE) -> 3 | BO33: =+VLOOKUP('2. Logging Brejo Seco'!AN33,Leyenda!$B$30:$E$34,4,FALSE) -> 4 | BP33: =VLOOKUP(AS33,Leyenda!$B$71:$E$75,4,FALSE) -> 10 | BQ33: =+BH33+BI33+BJ33+BK33+BL33+BM33+BN33+BO33+BP33 -> 30 | BR33: =+BC33+BD33+BB33+BE33+BF33 -> 36 | BS33: =1-N33 -> 0.26
A34: Brejo Seco | B34: 2024 | C34: PNM | D34: GEOTEC-01 | E34: 40 | F34: 40 | G34: P025_Silica_Zone | H34: =+F34 -> 40 | J34: Rocha alterada, serpentinito | K34: =+L33 -> 15.5 | L34: =+K34+0.5 -> 16 | M34: =+L34-K34 -> 0.5 | N34: 0.7 | O34: =1-N34 -> 0.3 | P34: =+M34*N34 -> 0.35 | Q34: =+N34*M34 -> 0.35 | R34: 70 | S34: 5 | T34: 0.49 | U34: 0.27 | V34: =+U34/M34*100 -> 54 | W34: 6 | Y34: =+W34+X34 -> 6 | Z34: =+IF(T34=0,"",(T34*1000)/Y34) -> 81.666667 | AA34: 54 | AB34: A3 | AC34: F2 | AD34: C3 | AE34: 5 | AF34: 70 | AG34: R2 | AH34: =+AG34 -> R2 | AI34: =+VLOOKUP(AH34,Leyenda!$O$4:$U$10,6,FALSE) -> 0,25-0,35 | AJ34: =+VLOOKUP(AH34,Leyenda!$O$4:$U$10,7,FALSE) -> No Blasting need | AK34: =+VLOOKUP(AJ34,Leyenda!$U$4:$V$10,2,FALSE) -> 2 | AL34: S6 | AM34: =+AH34 -> R2 | AN34: P2 | AO34: W3 | AP34: A3 | AQ34: G3 | AR34: F3 | AS34: Seco | AT34: Completamente meteorizada | AV34: =+VLOOKUP(AN34,Leyenda!$B$30:$E$34,3,FALSE) -> 4 | AW34: =+VLOOKUP('2. Logging Brejo Seco'!AO34,Meteorizacion,3,FALSE) -> 1 | AX34: =+VLOOKUP('2. Logging Brejo Seco'!AP34,Apertura,3,FALSE) -> 1 | AY34: =+VLOOKUP('2. Logging Brejo Seco'!AQ34,Leyenda!$B$55:$D$59,3,FALSE) -> 3 | AZ34: =+VLOOKUP('2. Logging Brejo Seco'!AR34,Relleno,3,FALSE) -> 2 | BA34: =+SUM(AV34:AZ34) -> 11 | BB34: =ROUND(-0.0002*POWER(V34,2)+0.2197*V34,0) -> 11 | BC34: =VLOOKUP(AM34,Leyenda!$B$4:$D$10,3,FALSE) -> 2 | BD34: =IF(Z34="",ROUND((IF(Z34<=400,1.5478*POWER(Z34,0.3351),-2*POWER(10,-6)*POWER(Z34,2)+0.0091*Z34+8.1704)),0),ROUND((IF(Z34<=400,1.5478*POWER(Z34,0.3351),-2*POWER(10,-6)*POWER(Z34,2)+0.0091*Z34+8.1704)),0)) -> 7 | BE34: =+BA34 -> 11 | BF34: =VLOOKUP(AS34,Leyenda!$B$70:$D$75,3,FALSE) -> 15 | BG34: =1.5*BA34+(V34*0.5) -> 43.5 | BH34: =VLOOKUP(AM34,Leyenda!$B$4:$E$10,4,FALSE) -> 2 | BI34: =IF(Z34="",ROUND(IF(Z34<=50,5,IF(Z34>=3000,30,6.038*LN(Z34)-19.63)),0),ROUND(IF(Z34<=50,5,IF(Z34>=3000,30,6.038*LN(Z34)-19.63)),0)) -> 7 | BJ34: =ROUND(-0.0002*POWER(V34,2)+0.2197*V34,0) -> 11 | BK34: =+VLOOKUP('2. Logging Brejo Seco'!AP34,Leyenda!$B$47:$E$51,4,FALSE) -> 1 | BL34: =+VLOOKUP('2. Logging Brejo Seco'!AQ34,Leyenda!$B$55:$E$59,4,FALSE) -> 3 | BM34: =+VLOOKUP('2. Logging Brejo Seco'!AR34,Leyenda!$B$63:$E$67,3,FALSE) -> 2 | BN34: =+VLOOKUP('2. Logging Brejo Seco'!AO34,Leyenda!$B$39:$E$43,4,FALSE) -> 1 | BO34: =+VLOOKUP('2. Logging Brejo Seco'!AN34,Leyenda!$B$30:$E$34,4,FALSE) -> 4 | BP34: =VLOOKUP(AS34,Leyenda!$B$71:$E$75,4,FALSE) -> 10 | BQ34: =+BH34+BI34+BJ34+BK34+BL34+BM34+BN34+BO34+BP34 -> 41 | BR34: =+BC34+BD34+BB34+BE34+BF34 -> 46 | BS34: =1-N34 -> 0.3
A35: Brejo Seco | B35: 2024 | C35: PNM | D35: GEOTEC-01 | E35: 40 | F35: 40 | G35: P025_Silica_Zone | H35: =+F35 -> 40 | J35: Rocha alterada, serpentinito | K35: =+L34 -> 16 | L35: =+K35+0.5 -> 16.5 | M35: =+L35-K35 -> 0.5 | N35: 1 | O35: =1-N35 -> 0 | P35: =+M35*N35 -> 0.5 | Q35: =+N35*M35 -> 0.5 | R35: 25 | S35: 20 | T35: 0.28 | U35: 0.12 | V35: =+U35/M35*100 -> 24 | W35: 3 | Y35: =+W35+X35 -> 3 | Z35: =+IF(T35=0,"",(T35*1000)/Y35) -> 93.333333 | AA35: 0 | AB35: A3 | AC35: F5 | AD35: C3 | AE35: 20 | AF35: 25 | AG35: R3 | AH35: =+AG35 -> R3 | AI35: =+VLOOKUP(AH35,Leyenda!$O$4:$U$10,6,FALSE) -> 0,35-0,50 | AJ35: =+VLOOKUP(AH35,Leyenda!$O$4:$U$10,7,FALSE) -> Easy to blast | AK35: =+VLOOKUP(AJ35,Leyenda!$U$4:$V$10,2,FALSE) -> 3 | AL35: R3 | AM35: =+AH35 -> R3 | AN35: P4 | AO35: W3 | AP35: A3 | AQ35: G3 | AR35: F3 | AS35: Seco | AT35: Rocha con venillas de calcedonia | AV35: =+VLOOKUP(AN35,Leyenda!$B$30:$E$34,3,FALSE) -> 1 | AW35: =+VLOOKUP('2. Logging Brejo Seco'!AO35,Meteorizacion,3,FALSE) -> 1 | AX35: =+VLOOKUP('2. Logging Brejo Seco'!AP35,Apertura,3,FALSE) -> 1 | AY35: =+VLOOKUP('2. Logging Brejo Seco'!AQ35,Leyenda!$B$55:$D$59,3,FALSE) -> 3 | AZ35: =+VLOOKUP('2. Logging Brejo Seco'!AR35,Relleno,3,FALSE) -> 2 | BA35: =+SUM(AV35:AZ35) -> 8 | BB35: =ROUND(-0.0002*POWER(V35,2)+0.2197*V35,0) -> 5 | BC35: =VLOOKUP(AM35,Leyenda!$B$4:$D$10,3,FALSE) -> 4 | BD35: =IF(Z35="",ROUND((IF(Z35<=400,1.5478*POWER(Z35,0.3351),-2*POWER(10,-6)*POWER(Z35,2)+0.0091*Z35+8.1704)),0),ROUND((IF(Z35<=400,1.5478*POWER(Z35,0.3351),-2*POWER(10,-6)*POWER(Z35,2)+0.0091*Z35+8.1704)),0)) -> 7 | BE35: =+BA35 -> 8 | BF35: =VLOOKUP(AS35,Leyenda!$B$70:$D$75,3,FALSE) -> 15 | BG35: =1.5*BA35+(V35*0.5) -> 24 | BH35: =VLOOKUP(AM35,Leyenda!$B$4:$E$10,4,FALSE) -> 4 | BI35: =IF(Z35="",ROUND(IF(Z35<=50,5,IF(Z35>=3000,30,6.038*LN(Z35)-19.63)),0),ROUND(IF(Z35<=50,5,IF(Z35>=3000,30,6.038*LN(Z35)-19.63)),0)) -> 8 | BJ35: =ROUND(-0.0002*POWER(V35,2)+0.2197*V35,0) -> 5 | BK35: =+VLOOKUP('2. Logging Brejo Seco'!AP35,Leyenda!$B$47:$E$51,4,FALSE) -> 1 | BL35: =+VLOOKUP('2. Logging Brejo Seco'!AQ35,Leyenda!$B$55:$E$59,4,FALSE) -> 3 | BM35: =+VLOOKUP('2. Logging Brejo Seco'!AR35,Leyenda!$B$63:$E$67,3,FALSE) -> 2 | BN35: =+VLOOKUP('2. Logging Brejo Seco'!AO35,Leyenda!$B$39:$E$43,4,FALSE) -> 1 | BO35: =+VLOOKUP('2. Logging Brejo Seco'!AN35,Leyenda!$B$30:$E$34,4,FALSE) -> 1 | BP35: =VLOOKUP(AS35,Leyenda!$B$71:$E$75,4,FALSE) -> 10 | BQ35: =+BH35+BI35+BJ35+BK35+BL35+BM35+BN35+BO35+BP35 -> 35 | BR35: =+BC35+BD35+BB35+BE35+BF35 -> 39 | BS35: =1-N35 -> 0
A36: Brejo Seco | B36: 2024 | C36: PNM | D36: GEOTEC-01 | E36: 40 | F36: 40 | G36: P025_Silica_Zone | H36: =+F36 -> 40 | J36: Rocha alterada, serpentinito | K36: =+L35 -> 16.5 | L36: =+K36+0.5 -> 17 | M36: =+L36-K36 -> 0.5 | N36: 0.62 | O36: =1-N36 -> 0.38 | P36: =+M36*N36 -> 0.31 | Q36: =+N36*M36 -> 0.31 | R36: 15.5 | S36: 20 | T36: 0.33 | U36: 0 | V36: =+U36/M36*100 -> 0 | W36: 6 | Y36: =+W36+X36 -> 6 | Z36: =+IF(T36=0,"",(T36*1000)/Y36) -> 55 | AA36: 0 | AB36: A3 | AC36: F5 | AD36: C3 | AE36: 20 | AF36: 15.5 | AG36: R1 | AH36: =+AG36 -> R1 | AI36: =+VLOOKUP(AH36,Leyenda!$O$4:$U$10,6,FALSE) -> 0,15-0,25 | AJ36: =+VLOOKUP(AH36,Leyenda!$O$4:$U$10,7,FALSE) -> No Blasting need | AK36: =+VLOOKUP(AJ36,Leyenda!$U$4:$V$10,2,FALSE) -> 2 | AL36: S5 | AM36: =+AH36 -> R1 | AN36: P4 | AO36: W3 | AP36: A4 | AQ36: G3 | AR36: F3 | AS36: Seco | AV36: =+VLOOKUP(AN36,Leyenda!$B$30:$E$34,3,FALSE) -> 1 | AW36: =+VLOOKUP('2. Logging Brejo Seco'!AO36,Meteorizacion,3,FALSE) -> 1 | AX36: =+VLOOKUP('2. Logging Brejo Seco'!AP36,Apertura,3,FALSE) -> 0 | AY36: =+VLOOKUP('2. Logging Brejo Seco'!AQ36,Leyenda!$B$55:$D$59,3,FALSE) -> 3 | AZ36: =+VLOOKUP('2. Logging Brejo Seco'!AR36,Relleno,3,FALSE) -> 2 | BA36: =+SUM(AV36:AZ36) -> 7 | BB36: =ROUND(-0.0002*POWER(V36,2)+0.2197*V36,0) -> 0 | BC36: =VLOOKUP(AM36,Leyenda!$B$4:$D$10,3,FALSE) -> 1 | BD36: =IF(Z36="",ROUND((IF(Z36<=400,1.5478*POWER(Z36,0.3351),-2*POWER(10,-6)*POWER(Z36,2)+0.0091*Z36+8.1704)),0),ROUND((IF(Z36<=400,1.5478*POWER(Z36,0.3351),-2*POWER(10,-6)*POWER(Z36,2)+0.0091*Z36+8.1704)),0)) -> 6 | BE36: =+BA36 -> 7 | BF36: =VLOOKUP(AS36,Leyenda!$B$70:$D$75,3,FALSE) -> 15 | BG36: =1.5*BA36+(V36*0.5) -> 10.5 | BH36: =VLOOKUP(AM36,Leyenda!$B$4:$E$10,4,FALSE) -> 1 | BI36: =IF(Z36="",ROUND(IF(Z36<=50,5,IF(Z36>=3000,30,6.038*LN(Z36)-19.63)),0),ROUND(IF(Z36<=50,5,IF(Z36>=3000,30,6.038*LN(Z36)-19.63)),0)) -> 5 | BJ36: =ROUND(-0.0002*POWER(V36,2)+0.2197*V36,0) -> 0 | BK36: =+VLOOKUP('2. Logging Brejo Seco'!AP36,Leyenda!$B$47:$E$51,4,FALSE) -> 0 | BL36: =+VLOOKUP('2. Logging Brejo Seco'!AQ36,Leyenda!$B$55:$E$59,4,FALSE) -> 3 | BM36: =+VLOOKUP('2. Logging Brejo Seco'!AR36,Leyenda!$B$63:$E$67,3,FALSE) -> 2 | BN36: =+VLOOKUP('2. Logging Brejo Seco'!AO36,Leyenda!$B$39:$E$43,4,FALSE) -> 1 | BO36: =+VLOOKUP('2. Logging Brejo Seco'!AN36,Leyenda!$B$30:$E$34,4,FALSE) -> 1 | BP36: =VLOOKUP(AS36,Leyenda!$B$71:$E$75,4,FALSE) -> 10 | BQ36: =+BH36+BI36+BJ36+BK36+BL36+BM36+BN36+BO36+BP36 -> 23 | BR36: =+BC36+BD36+BB36+BE36+BF36 -> 29 | BS36: =1-N36 -> 0.38 | BT36: La recuperación no fue 100% Infiriendo la presencia de arcillas al momento de perforar | CN36: #VALUE!
A37: Brejo Seco | B37: 2024 | C37: PNM | D37: GEOTEC-01 | E37: 40 | F37: 40 | G37: P025_Silica_Zone | H37: =+F37 -> 40 | J37: Rocha alterada, serpentinito | K37: =+L36 -> 17 | L37: =+K37+0.5 -> 17.5 | M37: =+L37-K37 -> 0.5 | N37: 0.64 | O37: =1-N37 -> 0.36 | P37: =+M37*N37 -> 0.32 | Q37: =+N37*M37 -> 0.32 | R37: 32 | S37: 10 | T37: 0.19 | U37: 0 | V37: =+U37/M37*100 -> 0 | W37: 10 | Y37: =+W37+X37 -> 10 | Z37: =+IF(T37=0,"",(T37*1000)/Y37) -> 19 | AA37: 0 | AB37: A3 | AC37: F3 | AD37: C3 | AE37: 10 | AF37: 32 | AG37: R1 | AH37: =+AG37 -> R1 | AI37: =+VLOOKUP(AH37,Leyenda!$O$4:$U$10,6,FALSE) -> 0,15-0,25 | AJ37: =+VLOOKUP(AH37,Leyenda!$O$4:$U$10,7,FALSE) -> No Blasting need | AK37: =+VLOOKUP(AJ37,Leyenda!$U$4:$V$10,2,FALSE) -> 2 | AL37: S6 | AM37: =+AH37 -> R1 | AN37: P5 | AO37: W3 | AP37: A4 | AQ37: G3 | AR37: F3 | AS37: Seco | AT37: Falha meteorizada | AV37: =+VLOOKUP(AN37,Leyenda!$B$30:$E$34,3,FALSE) -> 0 | AW37: =+VLOOKUP('2. Logging Brejo Seco'!AO37,Meteorizacion,3,FALSE) -> 1 | AX37: =+VLOOKUP('2. Logging Brejo Seco'!AP37,Apertura,3,FALSE) -> 0 | AY37: =+VLOOKUP('2. Logging Brejo Seco'!AQ37,Leyenda!$B$55:$D$59,3,FALSE) -> 3 | AZ37: =+VLOOKUP('2. Logging Brejo Seco'!AR37,Relleno,3,FALSE) -> 2 | BA37: =+SUM(AV37:AZ37) -> 6 | BB37: =ROUND(-0.0002*POWER(V37,2)+0.2197*V37,0) -> 0 | BC37: =VLOOKUP(AM37,Leyenda!$B$4:$D$10,3,FALSE) -> 1 | BD37: =IF(Z37="",ROUND((IF(Z37<=400,1.5478*POWER(Z37,0.3351),-2*POWER(10,-6)*POWER(Z37,2)+0.0091*Z37+8.1704)),0),ROUND((IF(Z37<=400,1.5478*POWER(Z37,0.3351),-2*POWER(10,-6)*POWER(Z37,2)+0.0091*Z37+8.1704)),0)) -> 4 | BE37: =+BA37 -> 6 | BF37: =VLOOKUP(AS37,Leyenda!$B$70:$D$75,3,FALSE) -> 15 | BG37: =1.5*BA37+(V37*0.5) -> 9 | BH37: =VLOOKUP(AM37,Leyenda!$B$4:$E$10,4,FALSE) -> 1 | BI37: =IF(Z37="",ROUND(IF(Z37<=50,5,IF(Z37>=3000,30,6.038*LN(Z37)-19.63)),0),ROUND(IF(Z37<=50,5,IF(Z37>=3000,30,6.038*LN(Z37)-19.63)),0)) -> 5 | BJ37: =ROUND(-0.0002*POWER(V37,2)+0.2197*V37,0) -> 0 | BK37: =+VLOOKUP('2. Logging Brejo Seco'!AP37,Leyenda!$B$47:$E$51,4,FALSE) -> 0 | BL37: =+VLOOKUP('2. Logging Brejo Seco'!AQ37,Leyenda!$B$55:$E$59,4,FALSE) -> 3 | BM37: =+VLOOKUP('2. Logging Brejo Seco'!AR37,Leyenda!$B$63:$E$67,3,FALSE) -> 2 | BN37: =+VLOOKUP('2. Logging Brejo Seco'!AO37,Leyenda!$B$39:$E$43,4,FALSE) -> 1 | BO37: =+VLOOKUP('2. Logging Brejo Seco'!AN37,Leyenda!$B$30:$E$34,4,FALSE) -> 0 | BP37: =VLOOKUP(AS37,Leyenda!$B$71:$E$75,4,FALSE) -> 10 | BQ37: =+BH37+BI37+BJ37+BK37+BL37+BM37+BN37+BO37+BP37 -> 22 | BR37: =+BC37+BD37+BB37+BE37+BF37 -> 26 | BS37: =1-N37 -> 0.36 | BT37: La recuperación no fue 100% Infiriendo la presencia de arcillas al momento de perforar
A38: Brejo Seco | B38: 2024 | C38: PNM | D38: GEOTEC-01 | E38: 30 | F38: 30 | G38: P023_SAP_MG_SIL | H38: =+F38 -> 30 | J38: Rocha alterada, serpentinito | K38: =+L37 -> 17.5 | L38: =+K38+0.5 -> 18 | M38: =+L38-K38 -> 0.5 | N38: 0.42 | O38: =1-N38 -> 0.58 | P38: =+M38*N38 -> 0.21 | Q38: =+N38*M38 -> 0.21 | R38: 10.5 | S38: 20 | T38: 0.31 | U38: 0 | V38: =+U38/M38*100 -> 0 | W38: 6 | Y38: =+W38+X38 -> 6 | Z38: =+IF(T38=0,"",(T38*1000)/Y38) -> 51.666667 | AA38: 0 | AB38: A3 | AC38: F5 | AD38: C3 | AE38: 20 | AF38: 10.5 | AG38: R1 | AH38: =+AG38 -> R1 | AI38: =+VLOOKUP(AH38,Leyenda!$O$4:$U$10,6,FALSE) -> 0,15-0,25 | AJ38: =+VLOOKUP(AH38,Leyenda!$O$4:$U$10,7,FALSE) -> No Blasting need | AK38: =+VLOOKUP(AJ38,Leyenda!$U$4:$V$10,2,FALSE) -> 2 | AL38: S6 | AM38: =+AH38 -> R1 | AN38: P5 | AO38: W3 | AP38: A4 | AQ38: G3 | AR38: F3 | AS38: Seco | AV38: =+VLOOKUP(AN38,Leyenda!$B$30:$E$34,3,FALSE) -> 0 | AW38: =+VLOOKUP('2. Logging Brejo Seco'!AO38,Meteorizacion,3,FALSE) -> 1 | AX38: =+VLOOKUP('2. Logging Brejo Seco'!AP38,Apertura,3,FALSE) -> 0 | AY38: =+VLOOKUP('2. Logging Brejo Seco'!AQ38,Leyenda!$B$55:$D$59,3,FALSE) -> 3 | AZ38: =+VLOOKUP('2. Logging Brejo Seco'!AR38,Relleno,3,FALSE) -> 2 | BA38: =+SUM(AV38:AZ38) -> 6 | BB38: =ROUND(-0.0002*POWER(V38,2)+0.2197*V38,0) -> 0 | BC38: =VLOOKUP(AM38,Leyenda!$B$4:$D$10,3,FALSE) -> 1 | BD38: =IF(Z38="",ROUND((IF(Z38<=400,1.5478*POWER(Z38,0.3351),-2*POWER(10,-6)*POWER(Z38,2)+0.0091*Z38+8.1704)),0),ROUND((IF(Z38<=400,1.5478*POWER(Z38,0.3351),-2*POWER(10,-6)*POWER(Z38,2)+0.0091*Z38+8.1704)),0)) -> 6 | BE38: =+BA38 -> 6 | BF38: 10 | BG38: =1.5*BA38+(V38*0.5) -> 9 | BH38: =VLOOKUP(AM38,Leyenda!$B$4:$E$10,4,FALSE) -> 1 | BI38: =IF(Z38="",ROUND(IF(Z38<=50,5,IF(Z38>=3000,30,6.038*LN(Z38)-19.63)),0),ROUND(IF(Z38<=50,5,IF(Z38>=3000,30,6.038*LN(Z38)-19.63)),0)) -> 4 | BJ38: =ROUND(-0.0002*POWER(V38,2)+0.2197*V38,0) -> 0 | BK38: =+VLOOKUP('2. Logging Brejo Seco'!AP38,Leyenda!$B$47:$E$51,4,FALSE) -> 0 | BL38: =+VLOOKUP('2. Logging Brejo Seco'!AQ38,Leyenda!$B$55:$E$59,4,FALSE) -> 3 | BM38: =+VLOOKUP('2. Logging Brejo Seco'!AR38,Leyenda!$B$63:$E$67,3,FALSE) -> 2 | BN38: =+VLOOKUP('2. Logging Brejo Seco'!AO38,Leyenda!$B$39:$E$43,4,FALSE) -> 1 | BO38: =+VLOOKUP('2. Logging Brejo Seco'!AN38,Leyenda!$B$30:$E$34,4,FALSE) -> 0 | BP38: =VLOOKUP(AS38,Leyenda!$B$71:$E$75,4,FALSE) -> 10 | BQ38: =+BH38+BI38+BJ38+BK38+BL38+BM38+BN38+BO38+BP38 -> 21 | BR38: =+BC38+BD38+BB38+BE38+BF38 -> 23 | BS38: =1-N38 -> 0.58 | BT38: La recuperación no fue 100% Infiriendo la presencia de arcillas al momento de perforar
A39: Brejo Seco | B39: 2024 | C39: PNM | D39: GEOTEC-01 | E39: 30 | F39: 30 | G39: P023_SAP_MG_SIL | H39: =+F39 -> 30 | J39: Rocha alterada, serpentinito | K39: =+L38 -> 18 | L39: =+K39+0.5 -> 18.5 | M39: =+L39-K39 -> 0.5 | N39: 0.6 | O39: =1-N39 -> 0.4 | P39: =+M39*N39 -> 0.3 | Q39: =+N39*M39 -> 0.3 | R39: 15 | S39: 20 | T39: 0.13 | U39: 0 | V39: =+U39/M39*100 -> 0 | W39: 10 | Y39: =+W39+X39 -> 10 | Z39: =+IF(T39=0,"",(T39*1000)/Y39) -> 13 | AA39: 0 | AB39: A3 | AC39: F5 | AD39: C3 | AE39: 20 | AF39: 15 | AG39: R1 | AH39: =+AG39 -> R1 | AI39: =+VLOOKUP(AH39,Leyenda!$O$4:$U$10,6,FALSE) -> 0,15-0,25 | AJ39: =+VLOOKUP(AH39,Leyenda!$O$4:$U$10,7,FALSE) -> No Blasting need | AK39: =+VLOOKUP(AJ39,Leyenda!$U$4:$V$10,2,FALSE) -> 2 | AL39: S6 | AM39: =+AH39 -> R1 | AN39: P5 | AO39: W3 | AP39: A4 | AQ39: G3 | AR39: F3 | AS39: Seco | AV39: =+VLOOKUP(AN39,Leyenda!$B$30:$E$34,3,FALSE) -> 0 | AW39: =+VLOOKUP('2. Logging Brejo Seco'!AO39,Meteorizacion,3,FALSE) -> 1 | AX39: =+VLOOKUP('2. Logging Brejo Seco'!AP39,Apertura,3,FALSE) -> 0 | AY39: =+VLOOKUP('2. Logging Brejo Seco'!AQ39,Leyenda!$B$55:$D$59,3,FALSE) -> 3 | AZ39: =+VLOOKUP('2. Logging Brejo Seco'!AR39,Relleno,3,FALSE) -> 2 | BA39: =+SUM(AV39:AZ39) -> 6 | BB39: =ROUND(-0.0002*POWER(V39,2)+0.2197*V39,0) -> 0 | BC39: =VLOOKUP(AM39,Leyenda!$B$4:$D$10,3,FALSE) -> 1 | BD39: =IF(Z39="",ROUND((IF(Z39<=400,1.5478*POWER(Z39,0.3351),-2*POWER(10,-6)*POWER(Z39,2)+0.0091*Z39+8.1704)),0),ROUND((IF(Z39<=400,1.5478*POWER(Z39,0.3351),-2*POWER(10,-6)*POWER(Z39,2)+0.0091*Z39+8.1704)),0)) -> 4 | BE39: =+BA39 -> 6 | BF39: 10 | BG39: =1.5*BA39+(V39*0.5) -> 9 | BH39: =VLOOKUP(AM39,Leyenda!$B$4:$E$10,4,FALSE) -> 1 | BI39: =IF(Z39="",ROUND(IF(Z39<=50,5,IF(Z39>=3000,30,6.038*LN(Z39)-19.63)),0),ROUND(IF(Z39<=50,5,IF(Z39>=3000,30,6.038*LN(Z39)-19.63)),0)) -> 5 | BJ39: =ROUND(-0.0002*POWER(V39,2)+0.2197*V39,0) -> 0 | BK39: =+VLOOKUP('2. Logging Brejo Seco'!AP39,Leyenda!$B$47:$E$51,4,FALSE) -> 0 | BL39: =+VLOOKUP('2. Logging Brejo Seco'!AQ39,Leyenda!$B$55:$E$59,4,FALSE) -> 3 | BM39: =+VLOOKUP('2. Logging Brejo Seco'!AR39,Leyenda!$B$63:$E$67,3,FALSE) -> 2 | BN39: =+VLOOKUP('2. Logging Brejo Seco'!AO39,Leyenda!$B$39:$E$43,4,FALSE) -> 1 | BO39: =+VLOOKUP('2. Logging Brejo Seco'!AN39,Leyenda!$B$30:$E$34,4,FALSE) -> 0 | BP39: =VLOOKUP(AS39,Leyenda!$B$71:$E$75,4,FALSE) -> 10 | BQ39: =+BH39+BI39+BJ39+BK39+BL39+BM39+BN39+BO39+BP39 -> 22 | BR39: =+BC39+BD39+BB39+BE39+BF39 -> 21 | BS39: =1-N39 -> 0.4 | BT39: La recuperación no fue 100% Infiriendo la presencia de arcillas al momento de perforar
A40: Brejo Seco | B40: 2024 | C40: PNM | D40: GEOTEC-01 | E40: 30 | F40: 30 | G40: P023_SAP_MG_SIL | H40: =+F40 -> 30 | J40: Rocha alterada, serpentinito | K40: =+L39 -> 18.5 | L40: =+K40+0.5 -> 19 | M40: =+L40-K40 -> 0.5 | N40: 0.34 | O40: =1-N40 -> 0.66 | P40: =+M40*N40 -> 0.17 | Q40: =+N40*M40 -> 0.17 | R40: 170 | S40: 1 | T40: 0.11 | U40: 0 | V40: =+U40/M40*100 -> 0 | W40: 10 | Y40: =+W40+X40 -> 10 | Z40: =+IF(T40=0,"",(T40*1000)/Y40) -> 11 | AA40: 0 | AB40: A3 | AC40: F1 | AD40: C3 | AE40: 1 | AF40: 170 | AG40: R1 | AH40: =+AG40 -> R1 | AI40: =+VLOOKUP(AH40,Leyenda!$O$4:$U$10,6,FALSE) -> 0,15-0,25 | AJ40: =+VLOOKUP(AH40,Leyenda!$O$4:$U$10,7,FALSE) -> No Blasting need | AK40: =+VLOOKUP(AJ40,Leyenda!$U$4:$V$10,2,FALSE) -> 2 | AL40: R0 | AM40: =+AH40 -> R1 | AN40: P3 | AO40: W3 | AP40: A4 | AQ40: G3 | AR40: F3 | AS40: Seco | AT40: Weak Rock - Saprolite | AV40: =+VLOOKUP(AN40,Leyenda!$B$30:$E$34,3,FALSE) -> 2 | AW40: =+VLOOKUP('2. Logging Brejo Seco'!AO40,Meteorizacion,3,FALSE) -> 1 | AX40: =+VLOOKUP('2. Logging Brejo Seco'!AP40,Apertura,3,FALSE) -> 0 | AY40: =+VLOOKUP('2. Logging Brejo Seco'!AQ40,Leyenda!$B$55:$D$59,3,FALSE) -> 3 | AZ40: =+VLOOKUP('2. Logging Brejo Seco'!AR40,Relleno,3,FALSE) -> 2 | BA40: =+SUM(AV40:AZ40) -> 8 | BB40: =ROUND(-0.0002*POWER(V40,2)+0.2197*V40,0) -> 0 | BC40: =VLOOKUP(AM40,Leyenda!$B$4:$D$10,3,FALSE) -> 1 | BD40: =IF(Z40="",ROUND((IF(Z40<=400,1.5478*POWER(Z40,0.3351),-2*POWER(10,-6)*POWER(Z40,2)+0.0091*Z40+8.1704)),0),ROUND((IF(Z40<=400,1.5478*POWER(Z40,0.3351),-2*POWER(10,-6)*POWER(Z40,2)+0.0091*Z40+8.1704)),0)) -> 3 | BE40: =+BA40 -> 8 | BF40: 10 | BG40: =1.5*BA40+(V40*0.5) -> 12 | BH40: =VLOOKUP(AM40,Leyenda!$B$4:$E$10,4,FALSE) -> 1 | BI40: =IF(Z40="",ROUND(IF(Z40<=50,5,IF(Z40>=3000,30,6.038*LN(Z40)-19.63)),0),ROUND(IF(Z40<=50,5,IF(Z40>=3000,30,6.038*LN(Z40)-19.63)),0)) -> 5 | BJ40: =ROUND(-0.0002*POWER(V40,2)+0.2197*V40,0) -> 0 | BK40: =+VLOOKUP('2. Logging Brejo Seco'!AP40,Leyenda!$B$47:$E$51,4,FALSE) -> 0 | BL40: =+VLOOKUP('2. Logging Brejo Seco'!AQ40,Leyenda!$B$55:$E$59,4,FALSE) -> 3 | BM40: =+VLOOKUP('2. Logging Brejo Seco'!AR40,Leyenda!$B$63:$E$67,3,FALSE) -> 2 | BN40: =+VLOOKUP('2. Logging Brejo Seco'!AO40,Leyenda!$B$39:$E$43,4,FALSE) -> 1 | BO40: =+VLOOKUP('2. Logging Brejo Seco'!AN40,Leyenda!$B$30:$E$34,4,FALSE) -> 3 | BP40: =VLOOKUP(AS40,Leyenda!$B$71:$E$75,4,FALSE) -> 10 | BQ40: =+BH40+BI40+BJ40+BK40+BL40+BM40+BN40+BO40+BP40 -> 25 | BR40: =+BC40+BD40+BB40+BE40+BF40 -> 22 | BS40: =1-N40 -> 0.66 | BT40: La recuperación no fue 100% Infiriendo la presencia de arcillas al momento de perforar
A41: Brejo Seco | B41: 2024 | C41: PNM | D41: GEOTEC-01 | E41: 30 | F41: 30 | G41: P023_SAP_MG_SIL | H41: =+F41 -> 30 | J41: Rocha alterada, serpentinito | K41: =+L40 -> 19 | L41: =+K41+0.5 -> 19.5 | M41: =+L41-K41 -> 0.5 | N41: 0.5 | O41: =1-N41 -> 0.5 | P41: =+M41*N41 -> 0.25 | Q41: =+N41*M41 -> 0.25 | R41: 25 | S41: 10 | T41: 0.14 | U41: 0 | V41: =+U41/M41*100 -> 0 | W41: 10 | Y41: =+W41+X41 -> 10 | Z41: =+IF(T41=0,"",(T41*1000)/Y41) -> 14 | AA41: 0 | AB41: A3 | AC41: F3 | AD41: C3 | AE41: 10 | AF41: 25 | AG41: R1 | AH41: =+AG41 -> R1 | AI41: =+VLOOKUP(AH41,Leyenda!$O$4:$U$10,6,FALSE) -> 0,15-0,25 | AJ41: =+VLOOKUP(AH41,Leyenda!$O$4:$U$10,7,FALSE) -> No Blasting need | AK41: =+VLOOKUP(AJ41,Leyenda!$U$4:$V$10,2,FALSE) -> 2 | AL41: R0 | AM41: =+AH41 -> R1 | AN41: P3 | AO41: W3 | AP41: A4 | AQ41: G3 | AR41: F3 | AS41: Seco | AT41: Weak Rock - Saprolite | AV41: =+VLOOKUP(AN41,Leyenda!$B$30:$E$34,3,FALSE) -> 2 | AW41: =+VLOOKUP('2. Logging Brejo Seco'!AO41,Meteorizacion,3,FALSE) -> 1 | AX41: =+VLOOKUP('2. Logging Brejo Seco'!AP41,Apertura,3,FALSE) -> 0 | AY41: =+VLOOKUP('2. Logging Brejo Seco'!AQ41,Leyenda!$B$55:$D$59,3,FALSE) -> 3 | AZ41: =+VLOOKUP('2. Logging Brejo Seco'!AR41,Relleno,3,FALSE) -> 2 | BA41: =+SUM(AV41:AZ41) -> 8 | BB41: =ROUND(-0.0002*POWER(V41,2)+0.2197*V41,0) -> 0 | BC41: =VLOOKUP(AM41,Leyenda!$B$4:$D$10,3,FALSE) -> 1 | BD41: =IF(Z41="",ROUND((IF(Z41<=400,1.5478*POWER(Z41,0.3351),-2*POWER(10,-6)*POWER(Z41,2)+0.0091*Z41+8.1704)),0),ROUND((IF(Z41<=400,1.5478*POWER(Z41,0.3351),-2*POWER(10,-6)*POWER(Z41,2)+0.0091*Z41+8.1704)),0)) -> 4 | BE41: =+BA41 -> 8 | BF41: 10 | BG41: =1.5*BA41+(V41*0.5) -> 12 | BH41: =VLOOKUP(AM41,Leyenda!$B$4:$E$10,4,FALSE) -> 1 | BI41: =IF(Z41="",ROUND(IF(Z41<=50,5,IF(Z41>=3000,30,6.038*LN(Z41)-19.63)),0),ROUND(IF(Z41<=50,5,IF(Z41>=3000,30,6.038*LN(Z41)-19.63)),0)) -> 5 | BJ41: =ROUND(-0.0002*POWER(V41,2)+0.2197*V41,0) -> 0 | BK41: =+VLOOKUP('2. Logging Brejo Seco'!AP41,Leyenda!$B$47:$E$51,4,FALSE) -> 0 | BL41: =+VLOOKUP('2. Logging Brejo Seco'!AQ41,Leyenda!$B$55:$E$59,4,FALSE) -> 3 | BM41: =+VLOOKUP('2. Logging Brejo Seco'!AR41,Leyenda!$B$63:$E$67,3,FALSE) -> 2 | BN41: =+VLOOKUP('2. Logging Brejo Seco'!AO41,Leyenda!$B$39:$E$43,4,FALSE) -> 1 | BO41: =+VLOOKUP('2. Logging Brejo Seco'!AN41,Leyenda!$B$30:$E$34,4,FALSE) -> 3 | BP41: =VLOOKUP(AS41,Leyenda!$B$71:$E$75,4,FALSE) -> 10 | BQ41: =+BH41+BI41+BJ41+BK41+BL41+BM41+BN41+BO41+BP41 -> 25 | BR41: =+BC41+BD41+BB41+BE41+BF41 -> 23 | BS41: =1-N41 -> 0.5 | BT41: La recuperación no fue 100% Infiriendo la presencia de arcillas al momento de perforar
A42: Brejo Seco | B42: 2024 | C42: PNM | D42: GEOTEC-01 | E42: 30 | F42: 30 | G42: P023_SAP_MG_SIL | H42: =+F42 -> 30 | J42: Rocha alterada, serpentinito | K42: =+L41 -> 19.5 | L42: =+K42+0.5 -> 20 | M42: =+L42-K42 -> 0.5 | N42: 0.3 | O42: =1-N42 -> 0.7 | P42: =+M42*N42 -> 0.15 | Q42: =+N42*M42 -> 0.15 | R42: 30 | S42: 5 | T42: 0.23 | U42: 0 | V42: =+U42/M42*100 -> 0 | W42: 10 | Y42: =+W42+X42 -> 10 | Z42: =+IF(T42=0,"",(T42*1000)/Y42) -> 23 | AA42: 0 | AB42: A3 | AC42: F2 | AD42: C3 | AE42: 5 | AF42: 30 | AG42: R2 | AH42: =+AG42 -> R2 | AI42: =+VLOOKUP(AH42,Leyenda!$O$4:$U$10,6,FALSE) -> 0,25-0,35 | AJ42: =+VLOOKUP(AH42,Leyenda!$O$4:$U$10,7,FALSE) -> No Blasting need | AK42: =+VLOOKUP(AJ42,Leyenda!$U$4:$V$10,2,FALSE) -> 2 | AL42: R0 | AM42: =+AH42 -> R2 | AN42: P3 | AO42: W4 | AP42: A4 | AQ42: G3 | AR42: F3 | AS42: Seco | AT42: Weak Rock - Saprolite | AV42: =+VLOOKUP(AN42,Leyenda!$B$30:$E$34,3,FALSE) -> 2 | AW42: =+VLOOKUP('2. Logging Brejo Seco'!AO42,Meteorizacion,3,FALSE) -> 0 | AX42: =+VLOOKUP('2. Logging Brejo Seco'!AP42,Apertura,3,FALSE) -> 0 | AY42: =+VLOOKUP('2. Logging Brejo Seco'!AQ42,Leyenda!$B$55:$D$59,3,FALSE) -> 3 | AZ42: =+VLOOKUP('2. Logging Brejo Seco'!AR42,Relleno,3,FALSE) -> 2 | BA42: =+SUM(AV42:AZ42) -> 7 | BB42: =ROUND(-0.0002*POWER(V42,2)+0.2197*V42,0) -> 0 | BC42: =VLOOKUP(AM42,Leyenda!$B$4:$D$10,3,FALSE) -> 2 | BD42: =IF(Z42="",ROUND((IF(Z42<=400,1.5478*POWER(Z42,0.3351),-2*POWER(10,-6)*POWER(Z42,2)+0.0091*Z42+8.1704)),0),ROUND((IF(Z42<=400,1.5478*POWER(Z42,0.3351),-2*POWER(10,-6)*POWER(Z42,2)+0.0091*Z42+8.1704)),0)) -> 4 | BE42: =+BA42 -> 7 | BF42: 10 | BG42: =1.5*BA42+(V42*0.5) -> 10.5 | BH42: =VLOOKUP(AM42,Leyenda!$B$4:$E$10,4,FALSE) -> 2 | BI42: =IF(Z42="",ROUND(IF(Z42<=50,5,IF(Z42>=3000,30,6.038*LN(Z42)-19.63)),0),ROUND(IF(Z42<=50,5,IF(Z42>=3000,30,6.038*LN(Z42)-19.63)),0)) -> 5 | BJ42: =ROUND(-0.0002*POWER(V42,2)+0.2197*V42,0) -> 0 | BK42: =+VLOOKUP('2. Logging Brejo Seco'!AP42,Leyenda!$B$47:$E$51,4,FALSE) -> 0 | BL42: =+VLOOKUP('2. Logging Brejo Seco'!AQ42,Leyenda!$B$55:$E$59,4,FALSE) -> 3 | BM42: =+VLOOKUP('2. Logging Brejo Seco'!AR42,Leyenda!$B$63:$E$67,3,FALSE) -> 2 | BN42: =+VLOOKUP('2. Logging Brejo Seco'!AO42,Leyenda!$B$39:$E$43,4,FALSE) -> 0 | BO42: =+VLOOKUP('2. Logging Brejo Seco'!AN42,Leyenda!$B$30:$E$34,4,FALSE) -> 3 | BP42: =VLOOKUP(AS42,Leyenda!$B$71:$E$75,4,FALSE) -> 10 | BQ42: =+BH42+BI42+BJ42+BK42+BL42+BM42+BN42+BO42+BP42 -> 25 | BR42: =+BC42+BD42+BB42+BE42+BF42 -> 23 | BS42: =1-N42 -> 0.7 | BT42: La recuperación no fue 100% Infiriendo la presencia de arcillas al momento de perforar
A43: Brejo Seco | B43: 2024 | C43: PNM | D43: GEOTEC-01 | E43: 30 | F43: 30 | G43: P023_SAP_MG_SIL | H43: =+F43 -> 30 | J43: Rocha alterada, serpentinito | K43: =+L42 -> 20 | L43: =+K43+0.5 -> 20.5 | M43: =+L43-K43 -> 0.5 | N43: 0.5 | O43: =1-N43 -> 0.5 | P43: =+M43*N43 -> 0.25 | Q43: =+N43*M43 -> 0.25 | R43: 250 | S43: 1 | T43: 0.17 | U43: 0.11 | V43: =+U43/M43*100 -> 22 | W43: 5 | Y43: =+W43+X43 -> 5 | Z43: =+IF(T43=0,"",(T43*1000)/Y43) -> 34 | AA43: 26 | AB43: A3 | AC43: F1 | AD43: C1 | AE43: 1 | AF43: 250 | AG43: R2 | AH43: =+AG43 -> R2 | AI43: =+VLOOKUP(AH43,Leyenda!$O$4:$U$10,6,FALSE) -> 0,25-0,35 | AJ43: =+VLOOKUP(AH43,Leyenda!$O$4:$U$10,7,FALSE) -> No Blasting need | AK43: =+VLOOKUP(AJ43,Leyenda!$U$4:$V$10,2,FALSE) -> 2 | AL43: R3 | AM43: =+AH43 -> R2 | AN43: P3 | AO43: W2 | AP43: A3 | AQ43: G3 | AR43: F3 | AS43: Seco | AT43: Weak Rock - Saprolite | AV43: =+VLOOKUP(AN43,Leyenda!$B$30:$E$34,3,FALSE) -> 2 | AW43: =+VLOOKUP('2. Logging Brejo Seco'!AO43,Meteorizacion,3,FALSE) -> 3 | AX43: =+VLOOKUP('2. Logging Brejo Seco'!AP43,Apertura,3,FALSE) -> 1 | AY43: =+VLOOKUP('2. Logging Brejo Seco'!AQ43,Leyenda!$B$55:$D$59,3,FALSE) -> 3 | AZ43: =+VLOOKUP('2. Logging Brejo Seco'!AR43,Relleno,3,FALSE) -> 2 | BA43: =+SUM(AV43:AZ43) -> 11 | BB43: =ROUND(-0.0002*POWER(V43,2)+0.2197*V43,0) -> 5 | BC43: =VLOOKUP(AM43,Leyenda!$B$4:$D$10,3,FALSE) -> 2 | BD43: =IF(Z43="",ROUND((IF(Z43<=400,1.5478*POWER(Z43,0.3351),-2*POWER(10,-6)*POWER(Z43,2)+0.0091*Z43+8.1704)),0),ROUND((IF(Z43<=400,1.5478*POWER(Z43,0.3351),-2*POWER(10,-6)*POWER(Z43,2)+0.0091*Z43+8.1704)),0)) -> 5 | BE43: =+BA43 -> 11 | BF43: 10 | BG43: =1.5*BA43+(V43*0.5) -> 27.5 | BH43: =VLOOKUP(AM43,Leyenda!$B$4:$E$10,4,FALSE) -> 2 | BI43: =IF(Z43="",ROUND(IF(Z43<=50,5,IF(Z43>=3000,30,6.038*LN(Z43)-19.63)),0),ROUND(IF(Z43<=50,5,IF(Z43>=3000,30,6.038*LN(Z43)-19.63)),0)) -> 5 | BJ43: =ROUND(-0.0002*POWER(V43,2)+0.2197*V43,0) -> 5 | BK43: =+VLOOKUP('2. Logging Brejo Seco'!AP43,Leyenda!$B$47:$E$51,4,FALSE) -> 1 | BL43: =+VLOOKUP('2. Logging Brejo Seco'!AQ43,Leyenda!$B$55:$E$59,4,FALSE) -> 3 | BM43: =+VLOOKUP('2. Logging Brejo Seco'!AR43,Leyenda!$B$63:$E$67,3,FALSE) -> 2 | BN43: =+VLOOKUP('2. Logging Brejo Seco'!AO43,Leyenda!$B$39:$E$43,4,FALSE) -> 3 | BO43: =+VLOOKUP('2. Logging Brejo Seco'!AN43,Leyenda!$B$30:$E$34,4,FALSE) -> 3 | BP43: =VLOOKUP(AS43,Leyenda!$B$71:$E$75,4,FALSE) -> 10 | BQ43: =+BH43+BI43+BJ43+BK43+BL43+BM43+BN43+BO43+BP43 -> 34 | BR43: =+BC43+BD43+BB43+BE43+BF43 -> 33 | BS43: =1-N43 -> 0.5 | BT43: La recuperación no fue 100% Infiriendo la presencia de arcillas al momento de perforar
A44: Brejo Seco | B44: 2024 | C44: PNM | D44: GEOTEC-01 | E44: 30 | F44: 30 | G44: P023_SAP_MG_SIL | H44: =+F44 -> 30 | J44: Rocha alterada, serpentinito | K44: =+L43 -> 20.5 | L44: =+K44+0.5 -> 21 | M44: =+L44-K44 -> 0.5 | N44: 0.38 | O44: =1-N44 -> 0.62 | P44: =+M44*N44 -> 0.19 | Q44: =+N44*M44 -> 0.19 | R44: 38 | S44: 5 | T44: 0.13 | U44: 0 | V44: =+U44/M44*100 -> 0 | W44: 10 | Y44: =+W44+X44 -> 10 | Z44: =+IF(T44=0,"",(T44*1000)/Y44) -> 13 | AA44: 0 | AB44: A4 | AC44: F2 | AD44: C5 | AE44: 5 | AF44: 38 | AG44: R0 | AH44: =+AG44 -> R0 | AI44: =+VLOOKUP(AH44,Leyenda!$O$4:$U$10,6,FALSE) -> 0 | AJ44: =+VLOOKUP(AH44,Leyenda!$O$4:$U$10,7,FALSE) -> No Blasting need | AK44: =+VLOOKUP(AJ44,Leyenda!$U$4:$V$10,2,FALSE) -> 2 | AL44: R3 | AM44: =+AH44 -> R0 | AN44: P3 | AO44: W2 | AP44: A3 | AQ44: G3 | AR44: F3 | AS44: Seco | AT44: Weak Rock - Saprolite | AV44: =+VLOOKUP(AN44,Leyenda!$B$30:$E$34,3,FALSE) -> 2 | AW44: =+VLOOKUP('2. Logging Brejo Seco'!AO44,Meteorizacion,3,FALSE) -> 3 | AX44: =+VLOOKUP('2. Logging Brejo Seco'!AP44,Apertura,3,FALSE) -> 1 | AY44: =+VLOOKUP('2. Logging Brejo Seco'!AQ44,Leyenda!$B$55:$D$59,3,FALSE) -> 3 | AZ44: =+VLOOKUP('2. Logging Brejo Seco'!AR44,Relleno,3,FALSE) -> 2 | BA44: =+SUM(AV44:AZ44) -> 11 | BB44: =ROUND(-0.0002*POWER(V44,2)+0.2197*V44,0) -> 0 | BC44: =VLOOKUP(AM44,Leyenda!$B$4:$D$10,3,FALSE) -> 0 | BD44: =IF(Z44="",ROUND((IF(Z44<=400,1.5478*POWER(Z44,0.3351),-2*POWER(10,-6)*POWER(Z44,2)+0.0091*Z44+8.1704)),0),ROUND((IF(Z44<=400,1.5478*POWER(Z44,0.3351),-2*POWER(10,-6)*POWER(Z44,2)+0.0091*Z44+8.1704)),0)) -> 4 | BE44: =+BA44 -> 11 | BF44: 10 | BG44: =1.5*BA44+(V44*0.5) -> 16.5 | BH44: =VLOOKUP(AM44,Leyenda!$B$4:$E$10,4,FALSE) -> 0 | BI44: =IF(Z44="",ROUND(IF(Z44<=50,5,IF(Z44>=3000,30,6.038*LN(Z44)-19.63)),0),ROUND(IF(Z44<=50,5,IF(Z44>=3000,30,6.038*LN(Z44)-19.63)),0)) -> 5 | BJ44: =ROUND(-0.0002*POWER(V44,2)+0.2197*V44,0) -> 0 | BK44: =+VLOOKUP('2. Logging Brejo Seco'!AP44,Leyenda!$B$47:$E$51,4,FALSE) -> 1 | BL44: =+VLOOKUP('2. Logging Brejo Seco'!AQ44,Leyenda!$B$55:$E$59,4,FALSE) -> 3 | BM44: =+VLOOKUP('2. Logging Brejo Seco'!AR44,Leyenda!$B$63:$E$67,3,FALSE) -> 2 | BN44: =+VLOOKUP('2. Logging Brejo Seco'!AO44,Leyenda!$B$39:$E$43,4,FALSE) -> 3 | BO44: =+VLOOKUP('2. Logging Brejo Seco'!AN44,Leyenda!$B$30:$E$34,4,FALSE) -> 3 | BP44: =VLOOKUP(AS44,Leyenda!$B$71:$E$75,4,FALSE) -> 10 | BQ44: =+BH44+BI44+BJ44+BK44+BL44+BM44+BN44+BO44+BP44 -> 27 | BR44: =+BC44+BD44+BB44+BE44+BF44 -> 25 | BS44: =1-N44 -> 0.62 | BT44: La recuperación no fue 100% Infiriendo la presencia de arcillas al momento de perforar
A45: Brejo Seco | B45: 2024 | C45: PNM | D45: GEOTEC-01 | E45: 30 | F45: 30 | G45: P023_SAP_MG_SIL | H45: =+F45 -> 30 | J45: Rocha alterada, serpentinito | K45: =+L44 -> 21 | L45: =+K45+0.5 -> 21.5 | M45: =+L45-K45 -> 0.5 | N45: 0.38 | O45: =1-N45 -> 0.62 | P45: =+M45*N45 -> 0.19 | Q45: =+N45*M45 -> 0.19 | R45: 9.5 | S45: 20 | T45: 0.31 | U45: 0 | V45: =+U45/M45*100 -> 0 | W45: 6 | Y45: =+W45+X45 -> 6 | Z45: =+IF(T45=0,"",(T45*1000)/Y45) -> 51.666667 | AA45: 0 | AB45: A4 | AC45: F5 | AD45: C3 | AE45: 20 | AF45: 9.5 | AG45: R2 | AH45: =+AG45 -> R2 | AI45: =+VLOOKUP(AH45,Leyenda!$O$4:$U$10,6,FALSE) -> 0,25-0,35 | AJ45: =+VLOOKUP(AH45,Leyenda!$O$4:$U$10,7,FALSE) -> No Blasting need | AK45: =+VLOOKUP(AJ45,Leyenda!$U$4:$V$10,2,FALSE) -> 2 | AL45: R3 | AM45: =+AH45 -> R2 | AN45: P3 | AO45: W2 | AP45: A3 | AQ45: G3 | AR45: F3 | AS45: Seco | AT45: Weak Rock - Saprolite | AV45: =+VLOOKUP(AN45,Leyenda!$B$30:$E$34,3,FALSE) -> 2 | AW45: =+VLOOKUP('2. Logging Brejo Seco'!AO45,Meteorizacion,3,FALSE) -> 3 | AX45: =+VLOOKUP('2. Logging Brejo Seco'!AP45,Apertura,3,FALSE) -> 1 | AY45: =+VLOOKUP('2. Logging Brejo Seco'!AQ45,Leyenda!$B$55:$D$59,3,FALSE) -> 3 | AZ45: =+VLOOKUP('2. Logging Brejo Seco'!AR45,Relleno,3,FALSE) -> 2 | BA45: =+SUM(AV45:AZ45) -> 11 | BB45: =ROUND(-0.0002*POWER(V45,2)+0.2197*V45,0) -> 0 | BC45: =VLOOKUP(AM45,Leyenda!$B$4:$D$10,3,FALSE) -> 2 | BD45: =IF(Z45="",ROUND((IF(Z45<=400,1.5478*POWER(Z45,0.3351),-2*POWER(10,-6)*POWER(Z45,2)+0.0091*Z45+8.1704)),0),ROUND((IF(Z45<=400,1.5478*POWER(Z45,0.3351),-2*POWER(10,-6)*POWER(Z45,2)+0.0091*Z45+8.1704)),0)) -> 6 | BE45: =+BA45 -> 11 | BF45: 10 | BG45: =1.5*BA45+(V45*0.5) -> 16.5 | BH45: =VLOOKUP(AM45,Leyenda!$B$4:$E$10,4,FALSE) -> 2 | BI45: =IF(Z45="",ROUND(IF(Z45<=50,5,IF(Z45>=3000,30,6.038*LN(Z45)-19.63)),0),ROUND(IF(Z45<=50,5,IF(Z45>=3000,30,6.038*LN(Z45)-19.63)),0)) -> 4 | BJ45: =ROUND(-0.0002*POWER(V45,2)+0.2197*V45,0) -> 0 | BK45: =+VLOOKUP('2. Logging Brejo Seco'!AP45,Leyenda!$B$47:$E$51,4,FALSE) -> 1 | BL45: =+VLOOKUP('2. Logging Brejo Seco'!AQ45,Leyenda!$B$55:$E$59,4,FALSE) -> 3 | BM45: =+VLOOKUP('2. Logging Brejo Seco'!AR45,Leyenda!$B$63:$E$67,3,FALSE) -> 2 | BN45: =+VLOOKUP('2. Logging Brejo Seco'!AO45,Leyenda!$B$39:$E$43,4,FALSE) -> 3 | BO45: =+VLOOKUP('2. Logging Brejo Seco'!AN45,Leyenda!$B$30:$E$34,4,FALSE) -> 3 | BP45: =VLOOKUP(AS45,Leyenda!$B$71:$E$75,4,FALSE) -> 10 | BQ45: =+BH45+BI45+BJ45+BK45+BL45+BM45+BN45+BO45+BP45 -> 28 | BR45: =+BC45+BD45+BB45+BE45+BF45 -> 29 | BS45: =1-N45 -> 0.62 | BT45: La recuperación no fue 100% Infiriendo la presencia de arcillas al momento de perforar
A46: Brejo Seco | B46: 2024 | C46: PNM | D46: GEOTEC-01 | E46: 30 | F46: 10 | G46: P023_SAP_MG_SIL | H46: =+F46 -> 10 | J46: Rocha sá, serpentinito, bege rosa | K46: =+L45 -> 21.5 | L46: =+K46+0.5 -> 22 | M46: =+L46-K46 -> 0.5 | N46: 0.6 | O46: =1-N46 -> 0.4 | P46: =+M46*N46 -> 0.3 | Q46: =+N46*M46 -> 0.3 | R46: 15 | S46: 20 | T46: 0.27 | U46: 0.26 | V46: =+U46/M46*100 -> 52 | W46: 5 | Y46: =+W46+X46 -> 5 | Z46: =+IF(T46=0,"",(T46*1000)/Y46) -> 54 | AA46: 44 | AB46: A1 | AC46: F5 | AD46: C2 | AE46: 20 | AF46: 15 | AG46: R3 | AH46: =+AG46 -> R3 | AI46: =+VLOOKUP(AH46,Leyenda!$O$4:$U$10,6,FALSE) -> 0,35-0,50 | AJ46: =+VLOOKUP(AH46,Leyenda!$O$4:$U$10,7,FALSE) -> Easy to blast | AK46: =+VLOOKUP(AJ46,Leyenda!$U$4:$V$10,2,FALSE) -> 3 | AL46: R3 | AM46: =+AH46 -> R3 | AN46: P2 | AO46: W1 | AP46: A2 | AQ46: G3 | AR46: F1 | AS46: Seco | AT46: Bedrock | AV46: =+VLOOKUP(AN46,Leyenda!$B$30:$E$34,3,FALSE) -> 4 | AW46: =+VLOOKUP('2. Logging Brejo Seco'!AO46,Meteorizacion,3,FALSE) -> 5 | AX46: =+VLOOKUP('2. Logging Brejo Seco'!AP46,Apertura,3,FALSE) -> 3 | AY46: =+VLOOKUP('2. Logging Brejo Seco'!AQ46,Leyenda!$B$55:$D$59,3,FALSE) -> 3 | AZ46: =+VLOOKUP('2. Logging Brejo Seco'!AR46,Relleno,3,FALSE) -> 4 | BA46: =+SUM(AV46:AZ46) -> 19 | BB46: =ROUND(-0.0002*POWER(V46,2)+0.2197*V46,0) -> 11 | BC46: =VLOOKUP(AM46,Leyenda!$B$4:$D$10,3,FALSE) -> 4 | BD46: =IF(Z46="",ROUND((IF(Z46<=400,1.5478*POWER(Z46,0.3351),-2*POWER(10,-6)*POWER(Z46,2)+0.0091*Z46+8.1704)),0),ROUND((IF(Z46<=400,1.5478*POWER(Z46,0.3351),-2*POWER(10,-6)*POWER(Z46,2)+0.0091*Z46+8.1704)),0)) -> 6 | BE46: =+BA46 -> 19 | BF46: =VLOOKUP(AS46,Leyenda!$B$70:$D$75,3,FALSE) -> 15 | BG46: =1.5*BA46+(V46*0.5) -> 54.5 | BH46: =VLOOKUP(AM46,Leyenda!$B$4:$E$10,4,FALSE) -> 4 | BI46: =IF(Z46="",ROUND(IF(Z46<=50,5,IF(Z46>=3000,30,6.038*LN(Z46)-19.63)),0),ROUND(IF(Z46<=50,5,IF(Z46>=3000,30,6.038*LN(Z46)-19.63)),0)) -> 4 | BJ46: =ROUND(-0.0002*POWER(V46,2)+0.2197*V46,0) -> 11 | BK46: =+VLOOKUP('2. Logging Brejo Seco'!AP46,Leyenda!$B$47:$E$51,4,FALSE) -> 3 | BL46: =+VLOOKUP('2. Logging Brejo Seco'!AQ46,Leyenda!$B$55:$E$59,4,FALSE) -> 3 | BM46: =+VLOOKUP('2. Logging Brejo Seco'!AR46,Leyenda!$B$63:$E$67,3,FALSE) -> 4 | BN46: =+VLOOKUP('2. Logging Brejo Seco'!AO46,Leyenda!$B$39:$E$43,4,FALSE) -> 4 | BO46: =+VLOOKUP('2. Logging Brejo Seco'!AN46,Leyenda!$B$30:$E$34,4,FALSE) -> 4 | BP46: =VLOOKUP(AS46,Leyenda!$B$71:$E$75,4,FALSE) -> 10 | BQ46: =+BH46+BI46+BJ46+BK46+BL46+BM46+BN46+BO46+BP46 -> 47 | BR46: =+BC46+BD46+BB46+BE46+BF46 -> 55 | BS46: =1-N46 -> 0.4
A47: Brejo Seco | B47: 2024 | C47: PNM | D47: GEOTEC-01 | E47: 30 | F47: 10 | G47: P023_SAP_MG_SIL | H47: =+F47 -> 10 | J47: Rocha sá, serpentinito, bege rosa | K47: =+L46 -> 22 | L47: =+K47+0.5 -> 22.5 | M47: =+L47-K47 -> 0.5 | N47: 0.6 | O47: =1-N47 -> 0.4 | P47: =+M47*N47 -> 0.3 | Q47: =+N47*M47 -> 0.3 | R47: 15 | S47: 20 | T47: 0.44 | U47: 0.18 | V47: =+U47/M47*100 -> 36 | W47: 4 | Y47: =+W47+X47 -> 4 | Z47: =+IF(T47=0,"",(T47*1000)/Y47) -> 110 | AA47: 42 | AB47: A1 | AC47: F5 | AD47: C1 | AE47: 20 | AF47: 15 | AG47: R4 | AH47: =+AG47 -> R4 | AI47: =+VLOOKUP(AH47,Leyenda!$O$4:$U$10,6,FALSE) -> 0,50-0,80 | AJ47: =+VLOOKUP(AH47,Leyenda!$O$4:$U$10,7,FALSE) -> Fairly easy to blast | AK47: =+VLOOKUP(AJ47,Leyenda!$U$4:$V$10,2,FALSE) -> 4 | AL47: R3 | AM47: =+AH47 -> R4 | AN47: P2 | AO47: W1 | AP47: A2 | AQ47: G3 | AR47: F1 | AS47: Seco | AT47: Bedrock | AV47: =+VLOOKUP(AN47,Leyenda!$B$30:$E$34,3,FALSE) -> 4 | AW47: =+VLOOKUP('2. Logging Brejo Seco'!AO47,Meteorizacion,3,FALSE) -> 5 | AX47: =+VLOOKUP('2. Logging Brejo Seco'!AP47,Apertura,3,FALSE) -> 3 | AY47: =+VLOOKUP('2. Logging Brejo Seco'!AQ47,Leyenda!$B$55:$D$59,3,FALSE) -> 3 | AZ47: =+VLOOKUP('2. Logging Brejo Seco'!AR47,Relleno,3,FALSE) -> 4 | BA47: =+SUM(AV47:AZ47) -> 19 | BB47: =ROUND(-0.0002*POWER(V47,2)+0.2197*V47,0) -> 8 | BC47: =VLOOKUP(AM47,Leyenda!$B$4:$D$10,3,FALSE) -> 7 | BD47: =IF(Z47="",ROUND((IF(Z47<=400,1.5478*POWER(Z47,0.3351),-2*POWER(10,-6)*POWER(Z47,2)+0.0091*Z47+8.1704)),0),ROUND((IF(Z47<=400,1.5478*POWER(Z47,0.3351),-2*POWER(10,-6)*POWER(Z47,2)+0.0091*Z47+8.1704)),0)) -> 7 | BE47: =+BA47 -> 19 | BF47: =VLOOKUP(AS47,Leyenda!$B$70:$D$75,3,FALSE) -> 15 | BG47: =1.5*BA47+(V47*0.5) -> 46.5 | BH47: =VLOOKUP(AM47,Leyenda!$B$4:$E$10,4,FALSE) -> 7 | BI47: =IF(Z47="",ROUND(IF(Z47<=50,5,IF(Z47>=3000,30,6.038*LN(Z47)-19.63)),0),ROUND(IF(Z47<=50,5,IF(Z47>=3000,30,6.038*LN(Z47)-19.63)),0)) -> 9 | BJ47: =ROUND(-0.0002*POWER(V47,2)+0.2197*V47,0) -> 8 | BK47: =+VLOOKUP('2. Logging Brejo Seco'!AP47,Leyenda!$B$47:$E$51,4,FALSE) -> 3 | BL47: =+VLOOKUP('2. Logging Brejo Seco'!AQ47,Leyenda!$B$55:$E$59,4,FALSE) -> 3 | BM47: =+VLOOKUP('2. Logging Brejo Seco'!AR47,Leyenda!$B$63:$E$67,3,FALSE) -> 4 | BN47: =+VLOOKUP('2. Logging Brejo Seco'!AO47,Leyenda!$B$39:$E$43,4,FALSE) -> 4 | BO47: =+VLOOKUP('2. Logging Brejo Seco'!AN47,Leyenda!$B$30:$E$34,4,FALSE) -> 4 | BP47: =VLOOKUP(AS47,Leyenda!$B$71:$E$75,4,FALSE) -> 10 | BQ47: =+BH47+BI47+BJ47+BK47+BL47+BM47+BN47+BO47+BP47 -> 52 | BR47: =+BC47+BD47+BB47+BE47+BF47 -> 56 | BS47: =1-N47 -> 0.4
A48: Brejo Seco | B48: 2024 | C48: PNM | D48: GEOTEC-01 | E48: 30 | F48: 10 | G48: P023_SAP_MG_SIL | H48: =+F48 -> 10 | J48: Rocha sá, serpentinito, bege rosa | K48: =+L47 -> 22.5 | L48: =+K48+0.5 -> 23 | M48: =+L48-K48 -> 0.5 | N48: 1 | O48: =1-N48 -> 0 | P48: =+M48*N48 -> 0.5 | Q48: =+N48*M48 -> 0.5 | R48: 25 | S48: 20 | T48: 0.5 | U48: 0.5 | V48: =+U48/M48*100 -> 100 | W48: 1 | Y48: =+W48+X48 -> 1 | Z48: =+IF(T48=0,"",(T48*1000)/Y48) -> 500 | AA48: 97 | AB48: A3 | AC48: F5 | AD48: C1 | AE48: 20 | AF48: 25 | AG48: R4 | AH48: =+AG48 -> R4 | AI48: =+VLOOKUP(AH48,Leyenda!$O$4:$U$10,6,FALSE) -> 0,50-0,80 | AJ48: =+VLOOKUP(AH48,Leyenda!$O$4:$U$10,7,FALSE) -> Fairly easy to blast | AK48: =+VLOOKUP(AJ48,Leyenda!$U$4:$V$10,2,FALSE) -> 4 | AL48: R3 | AM48: =+AH48 -> R4 | AN48: P2 | AO48: W1 | AP48: A1 | AQ48: G3 | AR48: F1 | AS48: Seco | AT48: Bedrock | AV48: =+VLOOKUP(AN48,Leyenda!$B$30:$E$34,3,FALSE) -> 4 | AW48: =+VLOOKUP('2. Logging Brejo Seco'!AO48,Meteorizacion,3,FALSE) -> 5 | AX48: =+VLOOKUP('2. Logging Brejo Seco'!AP48,Apertura,3,FALSE) -> 5 | AY48: =+VLOOKUP('2. Logging Brejo Seco'!AQ48,Leyenda!$B$55:$D$59,3,FALSE) -> 3 | AZ48: =+VLOOKUP('2. Logging Brejo Seco'!AR48,Relleno,3,FALSE) -> 4 | BA48: =+SUM(AV48:AZ48) -> 21 | BB48: =ROUND(-0.0002*POWER(V48,2)+0.2197*V48,0) -> 20 | BC48: =VLOOKUP(AM48,Leyenda!$B$4:$D$10,3,FALSE) -> 7 | BD48: =IF(Z48="",ROUND((IF(Z48<=400,1.5478*POWER(Z48,0.3351),-2*POWER(10,-6)*POWER(Z48,2)+0.0091*Z48+8.1704)),0),ROUND((IF(Z48<=400,1.5478*POWER(Z48,0.3351),-2*POWER(10,-6)*POWER(Z48,2)+0.0091*Z48+8.1704)),0)) -> 12 | BE48: =+BA48 -> 21 | BF48: =VLOOKUP(AS48,Leyenda!$B$70:$D$75,3,FALSE) -> 15 | BG48: =1.5*BA48+(V48*0.5) -> 81.5 | BH48: =VLOOKUP(AM48,Leyenda!$B$4:$E$10,4,FALSE) -> 7 | BI48: =IF(Z48="",ROUND(IF(Z48<=50,5,IF(Z48>=3000,30,6.038*LN(Z48)-19.63)),0),ROUND(IF(Z48<=50,5,IF(Z48>=3000,30,6.038*LN(Z48)-19.63)),0)) -> 18 | BJ48: =ROUND(-0.0002*POWER(V48,2)+0.2197*V48,0) -> 20 | BK48: =+VLOOKUP('2. Logging Brejo Seco'!AP48,Leyenda!$B$47:$E$51,4,FALSE) -> 4 | BL48: =+VLOOKUP('2. Logging Brejo Seco'!AQ48,Leyenda!$B$55:$E$59,4,FALSE) -> 3 | BM48: =+VLOOKUP('2. Logging Brejo Seco'!AR48,Leyenda!$B$63:$E$67,3,FALSE) -> 4 | BN48: =+VLOOKUP('2. Logging Brejo Seco'!AO48,Leyenda!$B$39:$E$43,4,FALSE) -> 4 | BO48: =+VLOOKUP('2. Logging Brejo Seco'!AN48,Leyenda!$B$30:$E$34,4,FALSE) -> 4 | BP48: =VLOOKUP(AS48,Leyenda!$B$71:$E$75,4,FALSE) -> 10 | BQ48: =+BH48+BI48+BJ48+BK48+BL48+BM48+BN48+BO48+BP48 -> 74 | BR48: =+BC48+BD48+BB48+BE48+BF48 -> 75 | BS48: =1-N48 -> 0
A49: Brejo Seco | B49: 2024 | C49: PNM | D49: GEOTEC-01 | E49: 30 | F49: 10 | G49: P023_SAP_MG_SIL | H49: =+F49 -> 10 | J49: Rocha sá, serpentinito, bege rosa | K49: =+L48 -> 23 | L49: =+K49+0.5 -> 23.5 | M49: =+L49-K49 -> 0.5 | N49: 0.97 | O49: =1-N49 -> 0.03 | P49: =+M49*N49 -> 0.485 | Q49: =+N49*M49 -> 0.485 | R49: 24.25 | S49: 20 | T49: 0.5 | U49: 0.31 | V49: =+U49/M49*100 -> 62 | W49: 3 | Y49: =+W49+X49 -> 3 | Z49: =+IF(T49=0,"",(T49*1000)/Y49) -> 166.66667 | AA49: 100 | AB49: A3 | AC49: F5 | AD49: C2 | AE49: 20 | AF49: 24.25 | AG49: R3 | AH49: =+AG49 -> R3 | AI49: =+VLOOKUP(AH49,Leyenda!$O$4:$U$10,6,FALSE) -> 0,35-0,50 | AJ49: =+VLOOKUP(AH49,Leyenda!$O$4:$U$10,7,FALSE) -> Easy to blast | AK49: =+VLOOKUP(AJ49,Leyenda!$U$4:$V$10,2,FALSE) -> 3 | AL49: R3 | AM49: =+AH49 -> R3 | AN49: P2 | AO49: W1 | AP49: A1 | AQ49: G3 | AR49: F1 | AS49: Seco | AT49: Bedrock | AV49: =+VLOOKUP(AN49,Leyenda!$B$30:$E$34,3,FALSE) -> 4 | AW49: =+VLOOKUP('2. Logging Brejo Seco'!AO49,Meteorizacion,3,FALSE) -> 5 | AX49: =+VLOOKUP('2. Logging Brejo Seco'!AP49,Apertura,3,FALSE) -> 5 | AY49: =+VLOOKUP('2. Logging Brejo Seco'!AQ49,Leyenda!$B$55:$D$59,3,FALSE) -> 3 | AZ49: =+VLOOKUP('2. Logging Brejo Seco'!AR49,Relleno,3,FALSE) -> 4 | BA49: =+SUM(AV49:AZ49) -> 21 | BB49: =ROUND(-0.0002*POWER(V49,2)+0.2197*V49,0) -> 13 | BC49: =VLOOKUP(AM49,Leyenda!$B$4:$D$10,3,FALSE) -> 4 | BD49: =IF(Z49="",ROUND((IF(Z49<=400,1.5478*POWER(Z49,0.3351),-2*POWER(10,-6)*POWER(Z49,2)+0.0091*Z49+8.1704)),0),ROUND((IF(Z49<=400,1.5478*POWER(Z49,0.3351),-2*POWER(10,-6)*POWER(Z49,2)+0.0091*Z49+8.1704)),0)) -> 9 | BE49: =+BA49 -> 21 | BF49: =VLOOKUP(AS49,Leyenda!$B$70:$D$75,3,FALSE) -> 15 | BG49: =1.5*BA49+(V49*0.5) -> 62.5 | BH49: =VLOOKUP(AM49,Leyenda!$B$4:$E$10,4,FALSE) -> 4 | BI49: =IF(Z49="",ROUND(IF(Z49<=50,5,IF(Z49>=3000,30,6.038*LN(Z49)-19.63)),0),ROUND(IF(Z49<=50,5,IF(Z49>=3000,30,6.038*LN(Z49)-19.63)),0)) -> 11 | BJ49: =ROUND(-0.0002*POWER(V49,2)+0.2197*V49,0) -> 13 | BK49: =+VLOOKUP('2. Logging Brejo Seco'!AP49,Leyenda!$B$47:$E$51,4,FALSE) -> 4 | BL49: =+VLOOKUP('2. Logging Brejo Seco'!AQ49,Leyenda!$B$55:$E$59,4,FALSE) -> 3 | BM49: =+VLOOKUP('2. Logging Brejo Seco'!AR49,Leyenda!$B$63:$E$67,3,FALSE) -> 4 | BN49: =+VLOOKUP('2. Logging Brejo Seco'!AO49,Leyenda!$B$39:$E$43,4,FALSE) -> 4 | BO49: =+VLOOKUP('2. Logging Brejo Seco'!AN49,Leyenda!$B$30:$E$34,4,FALSE) -> 4 | BP49: =VLOOKUP(AS49,Leyenda!$B$71:$E$75,4,FALSE) -> 10 | BQ49: =+BH49+BI49+BJ49+BK49+BL49+BM49+BN49+BO49+BP49 -> 57 | BR49: =+BC49+BD49+BB49+BE49+BF49 -> 62 | BS49: =1-N49 -> 0.03
A50: Brejo Seco | B50: 2024 | C50: PNM | D50: GEOTEC-01 | E50: 30 | F50: 10 | G50: P023_SAP_MG_SIL | H50: =+F50 -> 10 | J50: Rocha sá, serpentinito, bege rosa | K50: =+L49 -> 23.5 | L50: 24.83 | M50: =+L50-K50 -> 1.33 | N50: 1 | O50: =1-N50 -> 0 | P50: =+M50*N50 -> 1.33 | Q50: =+N50*M50 -> 1.33 | R50: 266 | S50: 5 | T50: 1.33 | U50: 1.26 | V50: =+U50/M50*100 -> 94.736842 | W50: 1 | Y50: 2 | Z50: =+IF(T50=0,"",(T50*1000)/Y50) -> 665 | AA50: 11 | AB50: A1 | AC50: F2 | AD50: C2 | AE50: 5 | AF50: 266 | AG50: R3 | AH50: =+AG50 -> R3 | AI50: =+VLOOKUP(AH50,Leyenda!$O$4:$U$10,6,FALSE) -> 0,35-0,50 | AJ50: =+VLOOKUP(AH50,Leyenda!$O$4:$U$10,7,FALSE) -> Easy to blast | AK50: =+VLOOKUP(AJ50,Leyenda!$U$4:$V$10,2,FALSE) -> 3 | AL50: R3 | AM50: =+AH50 -> R3 | AN50: P2 | AO50: W1 | AP50: A2 | AQ50: G2 | AR50: F1 | AS50: Seco | AV50: =+VLOOKUP(AN50,Leyenda!$B$30:$E$34,3,FALSE) -> 4 | AW50: =+VLOOKUP('2. Logging Brejo Seco'!AO50,Meteorizacion,3,FALSE) -> 5 | AX50: =+VLOOKUP('2. Logging Brejo Seco'!AP50,Apertura,3,FALSE) -> 3 | AY50: =+VLOOKUP('2. Logging Brejo Seco'!AQ50,Leyenda!$B$55:$D$59,3,FALSE) -> 4 | AZ50: =+VLOOKUP('2. Logging Brejo Seco'!AR50,Relleno,3,FALSE) -> 4 | BA50: =+SUM(AV50:AZ50) -> 20 | BB50: =ROUND(-0.0002*POWER(V50,2)+0.2197*V50,0) -> 19 | BC50: =VLOOKUP(AM50,Leyenda!$B$4:$D$10,3,FALSE) -> 4 | BD50: =IF(Z50="",ROUND((IF(Z50<=400,1.5478*POWER(Z50,0.3351),-2*POWER(10,-6)*POWER(Z50,2)+0.0091*Z50+8.1704)),0),ROUND((IF(Z50<=400,1.5478*POWER(Z50,0.3351),-2*POWER(10,-6)*POWER(Z50,2)+0.0091*Z50+8.1704)),0)) -> 13 | BE50: =+BA50 -> 20 | BF50: =VLOOKUP(AS50,Leyenda!$B$70:$D$75,3,FALSE) -> 15 | BG50: =1.5*BA50+(V50*0.5) -> 77.368421 | BH50: =VLOOKUP(AM50,Leyenda!$B$4:$E$10,4,FALSE) -> 4 | BI50: =IF(Z50="",ROUND(IF(Z50<=50,5,IF(Z50>=3000,30,6.038*LN(Z50)-19.63)),0),ROUND(IF(Z50<=50,5,IF(Z50>=3000,30,6.038*LN(Z50)-19.63)),0)) -> 20 | BJ50: =ROUND(-0.0002*POWER(V50,2)+0.2197*V50,0) -> 19 | BK50: =+VLOOKUP('2. Logging Brejo Seco'!AP50,Leyenda!$B$47:$E$51,4,FALSE) -> 3 | BL50: =+VLOOKUP('2. Logging Brejo Seco'!AQ50,Leyenda!$B$55:$E$59,4,FALSE) -> 4 | BM50: =+VLOOKUP('2. Logging Brejo Seco'!AR50,Leyenda!$B$63:$E$67,3,FALSE) -> 4 | BN50: =+VLOOKUP('2. Logging Brejo Seco'!AO50,Leyenda!$B$39:$E$43,4,FALSE) -> 4 | BO50: =+VLOOKUP('2. Logging Brejo Seco'!AN50,Leyenda!$B$30:$E$34,4,FALSE) -> 4 | BP50: =VLOOKUP(AS50,Leyenda!$B$71:$E$75,4,FALSE) -> 10 | BQ50: =+BH50+BI50+BJ50+BK50+BL50+BM50+BN50+BO50+BP50 -> 72 | BR50: =+BC50+BD50+BB50+BE50+BF50 -> 71 | BS50: =1-N50 -> 0
A51: Brejo Seco | B51: 2024 | C51: PNM | D51: GEOTEC-01 | E51: 30 | F51: 10 | G51: P023_SAP_MG_SIL | H51: =+F51 -> 10 | J51: Rocha sá, serpentinito, bege rosa | K51: =+L50 -> 24.83 | L51: 25.33 | M51: =+L51-K51 -> 0.5 | N51: 0.68 | O51: =1-N51 -> 0.32 | P51: =+M51*N51 -> 0.34 | Q51: =+N51*M51 -> 0.34 | R51: 340 | S51: 1 | T51: 0.35 | U51: 0.17 | V51: =+U51/M51*100 -> 34 | W51: 4 | Y51: =+W51+X51 -> 4 | Z51: =+IF(T51=0,"",(T51*1000)/Y51) -> 87.5 | AA51: 42 | AB51: A2 | AC51: F1 | AD51: C3 | AE51: 1 | AF51: 340 | AG51: R3 | AH51: =+AG51 -> R3 | AI51: =+VLOOKUP(AH51,Leyenda!$O$4:$U$10,6,FALSE) -> 0,35-0,50 | AJ51: =+VLOOKUP(AH51,Leyenda!$O$4:$U$10,7,FALSE) -> Easy to blast | AK51: =+VLOOKUP(AJ51,Leyenda!$U$4:$V$10,2,FALSE) -> 3 | AL51: R3 | AM51: =+AH51 -> R3 | AN51: P2 | AO51: W1 | AP51: A2 | AQ51: G2 | AR51: F1 | AS51: Seco | AV51: =+VLOOKUP(AN51,Leyenda!$B$30:$E$34,3,FALSE) -> 4 | AW51: =+VLOOKUP('2. Logging Brejo Seco'!AO51,Meteorizacion,3,FALSE) -> 5 | AX51: =+VLOOKUP('2. Logging Brejo Seco'!AP51,Apertura,3,FALSE) -> 3 | AY51: =+VLOOKUP('2. Logging Brejo Seco'!AQ51,Leyenda!$B$55:$D$59,3,FALSE) -> 4 | AZ51: =+VLOOKUP('2. Logging Brejo Seco'!AR51,Relleno,3,FALSE) -> 4 | BA51: =+SUM(AV51:AZ51) -> 20 | BB51: =ROUND(-0.0002*POWER(V51,2)+0.2197*V51,0) -> 7 | BC51: =VLOOKUP(AM51,Leyenda!$B$4:$D$10,3,FALSE) -> 4 | BD51: =IF(Z51="",ROUND((IF(Z51<=400,1.5478*POWER(Z51,0.3351),-2*POWER(10,-6)*POWER(Z51,2)+0.0091*Z51+8.1704)),0),ROUND((IF(Z51<=400,1.5478*POWER(Z51,0.3351),-2*POWER(10,-6)*POWER(Z51,2)+0.0091*Z51+8.1704)),0)) -> 7 | BE51: =+BA51 -> 20 | BF51: =VLOOKUP(AS51,Leyenda!$B$70:$D$75,3,FALSE) -> 15 | BG51: =1.5*BA51+(V51*0.5) -> 47 | BH51: =VLOOKUP(AM51,Leyenda!$B$4:$E$10,4,FALSE) -> 4 | BI51: =IF(Z51="",ROUND(IF(Z51<=50,5,IF(Z51>=3000,30,6.038*LN(Z51)-19.63)),0),ROUND(IF(Z51<=50,5,IF(Z51>=3000,30,6.038*LN(Z51)-19.63)),0)) -> 7 | BJ51: =ROUND(-0.0002*POWER(V51,2)+0.2197*V51,0) -> 7 | BK51: =+VLOOKUP('2. Logging Brejo Seco'!AP51,Leyenda!$B$47:$E$51,4,FALSE) -> 3 | BL51: =+VLOOKUP('2. Logging Brejo Seco'!AQ51,Leyenda!$B$55:$E$59,4,FALSE) -> 4 | BM51: =+VLOOKUP('2. Logging Brejo Seco'!AR51,Leyenda!$B$63:$E$67,3,FALSE) -> 4 | BN51: =+VLOOKUP('2. Logging Brejo Seco'!AO51,Leyenda!$B$39:$E$43,4,FALSE) -> 4 | BO51: =+VLOOKUP('2. Logging Brejo Seco'!AN51,Leyenda!$B$30:$E$34,4,FALSE) -> 4 | BP51: =VLOOKUP(AS51,Leyenda!$B$71:$E$75,4,FALSE) -> 10 | BQ51: =+BH51+BI51+BJ51+BK51+BL51+BM51+BN51+BO51+BP51 -> 47 | BR51: =+BC51+BD51+BB51+BE51+BF51 -> 53 | BS51: =1-N51 -> 0.32
A52: Brejo Seco | B52: 2024 | C52: PNM | D52: GEOTEC-01 | E52: 30 | F52: 10 | G52: P023_SAP_MG_SIL | H52: =+F52 -> 10 | J52: Rocha sá, serpentinito, bege rosa | K52: =+L51 -> 25.33 | L52: 25.83 | M52: =+L52-K52 -> 0.5 | N52: 0.42 | O52: =1-N52 -> 0.58 | P52: =+M52*N52 -> 0.21 | Q52: =+N52*M52 -> 0.21 | R52: 42 | S52: 5 | T52: 0.19 | U52: 0.16 | V52: =+U52/M52*100 -> 32 | W52: 4 | Y52: =+W52+X52 -> 4 | Z52: =+IF(T52=0,"",(T52*1000)/Y52) -> 47.5 | AA52: 30 | AB52: A1 | AC52: F2 | AD52: C2 | AE52: 5 | AF52: 42 | AG52: R3 | AH52: =+AG52 -> R3 | AI52: =+VLOOKUP(AH52,Leyenda!$O$4:$U$10,6,FALSE) -> 0,35-0,50 | AJ52: =+VLOOKUP(AH52,Leyenda!$O$4:$U$10,7,FALSE) -> Easy to blast | AK52: =+VLOOKUP(AJ52,Leyenda!$U$4:$V$10,2,FALSE) -> 3 | AL52: R3 | AM52: =+AH52 -> R3 | AN52: P2 | AO52: W1 | AP52: A2 | AQ52: G2 | AR52: F1 | AS52: Seco | AV52: =+VLOOKUP(AN52,Leyenda!$B$30:$E$34,3,FALSE) -> 4 | AW52: =+VLOOKUP('2. Logging Brejo Seco'!AO52,Meteorizacion,3,FALSE) -> 5 | AX52: =+VLOOKUP('2. Logging Brejo Seco'!AP52,Apertura,3,FALSE) -> 3 | AY52: =+VLOOKUP('2. Logging Brejo Seco'!AQ52,Leyenda!$B$55:$D$59,3,FALSE) -> 4 | AZ52: =+VLOOKUP('2. Logging Brejo Seco'!AR52,Relleno,3,FALSE) -> 4 | BA52: =+SUM(AV52:AZ52) -> 20 | BB52: =ROUND(-0.0002*POWER(V52,2)+0.2197*V52,0) -> 7 | BC52: =VLOOKUP(AM52,Leyenda!$B$4:$D$10,3,FALSE) -> 4 | BD52: =IF(Z52="",ROUND((IF(Z52<=400,1.5478*POWER(Z52,0.3351),-2*POWER(10,-6)*POWER(Z52,2)+0.0091*Z52+8.1704)),0),ROUND((IF(Z52<=400,1.5478*POWER(Z52,0.3351),-2*POWER(10,-6)*POWER(Z52,2)+0.0091*Z52+8.1704)),0)) -> 6 | BE52: =+BA52 -> 20 | BF52: =VLOOKUP(AS52,Leyenda!$B$70:$D$75,3,FALSE) -> 15 | BG52: =1.5*BA52+(V52*0.5) -> 46 | BH52: =VLOOKUP(AM52,Leyenda!$B$4:$E$10,4,FALSE) -> 4 | BI52: =IF(Z52="",ROUND(IF(Z52<=50,5,IF(Z52>=3000,30,6.038*LN(Z52)-19.63)),0),ROUND(IF(Z52<=50,5,IF(Z52>=3000,30,6.038*LN(Z52)-19.63)),0)) -> 5 | BJ52: =ROUND(-0.0002*POWER(V52,2)+0.2197*V52,0) -> 7 | BK52: =+VLOOKUP('2. Logging Brejo Seco'!AP52,Leyenda!$B$47:$E$51,4,FALSE) -> 3 | BL52: =+VLOOKUP('2. Logging Brejo Seco'!AQ52,Leyenda!$B$55:$E$59,4,FALSE) -> 4 | BM52: =+VLOOKUP('2. Logging Brejo Seco'!AR52,Leyenda!$B$63:$E$67,3,FALSE) -> 4 | BN52: =+VLOOKUP('2. Logging Brejo Seco'!AO52,Leyenda!$B$39:$E$43,4,FALSE) -> 4 | BO52: =+VLOOKUP('2. Logging Brejo Seco'!AN52,Leyenda!$B$30:$E$34,4,FALSE) -> 4 | BP52: =VLOOKUP(AS52,Leyenda!$B$71:$E$75,4,FALSE) -> 10 | BQ52: =+BH52+BI52+BJ52+BK52+BL52+BM52+BN52+BO52+BP52 -> 45 | BR52: =+BC52+BD52+BB52+BE52+BF52 -> 52 | BS52: =1-N52 -> 0.58
A53: Brejo Seco | B53: 2024 | C53: PNM | D53: GEOTEC-01 | E53: 30 | F53: 10 | G53: P023_SAP_MG_SIL | H53: =+F53 -> 10 | J53: Rocha sá, serpentinito, bege rosa | K53: =+L52 -> 25.83 | L53: 26.33 | M53: =+L53-K53 -> 0.5 | N53: 0.7 | O53: =1-N53 -> 0.3 | P53: =+M53*N53 -> 0.35 | Q53: =+N53*M53 -> 0.35 | R53: 350 | S53: 1 | T53: 0.31 | U53: 0.11 | V53: =+U53/M53*100 -> 22 | W53: 3 | Y53: =+W53+X53 -> 3 | Z53: =+IF(T53=0,"",(T53*1000)/Y53) -> 103.33333 | AA53: 70 | AB53: A2 | AC53: F1 | AD53: C2 | AE53: 1 | AF53: 350 | AG53: R3 | AH53: =+AG53 -> R3 | AI53: =+VLOOKUP(AH53,Leyenda!$O$4:$U$10,6,FALSE) -> 0,35-0,50 | AJ53: =+VLOOKUP(AH53,Leyenda!$O$4:$U$10,7,FALSE) -> Easy to blast | AK53: =+VLOOKUP(AJ53,Leyenda!$U$4:$V$10,2,FALSE) -> 3 | AL53: R3 | AM53: =+AH53 -> R3 | AN53: P2 | AO53: W1 | AP53: A2 | AQ53: G2 | AR53: F1 | AS53: Seco | AV53: =+VLOOKUP(AN53,Leyenda!$B$30:$E$34,3,FALSE) -> 4 | AW53: =+VLOOKUP('2. Logging Brejo Seco'!AO53,Meteorizacion,3,FALSE) -> 5 | AX53: =+VLOOKUP('2. Logging Brejo Seco'!AP53,Apertura,3,FALSE) -> 3 | AY53: =+VLOOKUP('2. Logging Brejo Seco'!AQ53,Leyenda!$B$55:$D$59,3,FALSE) -> 4 | AZ53: =+VLOOKUP('2. Logging Brejo Seco'!AR53,Relleno,3,FALSE) -> 4 | BA53: =+SUM(AV53:AZ53) -> 20 | BB53: =ROUND(-0.0002*POWER(V53,2)+0.2197*V53,0) -> 5 | BC53: =VLOOKUP(AM53,Leyenda!$B$4:$D$10,3,FALSE) -> 4 | BD53: =IF(Z53="",ROUND((IF(Z53<=400,1.5478*POWER(Z53,0.3351),-2*POWER(10,-6)*POWER(Z53,2)+0.0091*Z53+8.1704)),0),ROUND((IF(Z53<=400,1.5478*POWER(Z53,0.3351),-2*POWER(10,-6)*POWER(Z53,2)+0.0091*Z53+8.1704)),0)) -> 7 | BE53: =+BA53 -> 20 | BF53: =VLOOKUP(AS53,Leyenda!$B$70:$D$75,3,FALSE) -> 15 | BG53: =1.5*BA53+(V53*0.5) -> 41 | BH53: =VLOOKUP(AM53,Leyenda!$B$4:$E$10,4,FALSE) -> 4 | BI53: =IF(Z53="",ROUND(IF(Z53<=50,5,IF(Z53>=3000,30,6.038*LN(Z53)-19.63)),0),ROUND(IF(Z53<=50,5,IF(Z53>=3000,30,6.038*LN(Z53)-19.63)),0)) -> 8 | BJ53: =ROUND(-0.0002*POWER(V53,2)+0.2197*V53,0) -> 5 | BK53: =+VLOOKUP('2. Logging Brejo Seco'!AP53,Leyenda!$B$47:$E$51,4,FALSE) -> 3 | BL53: =+VLOOKUP('2. Logging Brejo Seco'!AQ53,Leyenda!$B$55:$E$59,4,FALSE) -> 4 | BM53: =+VLOOKUP('2. Logging Brejo Seco'!AR53,Leyenda!$B$63:$E$67,3,FALSE) -> 4 | BN53: =+VLOOKUP('2. Logging Brejo Seco'!AO53,Leyenda!$B$39:$E$43,4,FALSE) -> 4 | BO53: =+VLOOKUP('2. Logging Brejo Seco'!AN53,Leyenda!$B$30:$E$34,4,FALSE) -> 4 | BP53: =VLOOKUP(AS53,Leyenda!$B$71:$E$75,4,FALSE) -> 10 | BQ53: =+BH53+BI53+BJ53+BK53+BL53+BM53+BN53+BO53+BP53 -> 46 | BR53: =+BC53+BD53+BB53+BE53+BF53 -> 51 | BS53: =1-N53 -> 0.3
A54: Brejo Seco | B54: 2024 | C54: PNM | D54: GEOTEC-01 | E54: 30 | F54: 10 | G54: P023_SAP_MG_SIL | H54: =+F54 -> 10 | J54: Rocha sá, serpentinito, bege rosa | K54: =+L53 -> 26.33 | L54: 27.03 | M54: =+L54-K54 -> 0.7 | N54: 1 | O54: =1-N54 -> 0 | P54: =+M54*N54 -> 0.7 | Q54: =+N54*M54 -> 0.7 | R54: 140 | S54: 5 | T54: 0.61 | U54: 0.6 | V54: =+U54/M54*100 -> 85.714286 | W54: 2 | Y54: =+W54+X54 -> 2 | Z54: =+IF(T54=0,"",(T54*1000)/Y54) -> 305 | AA54: 94 | AB54: A3 | AC54: F2 | AD54: C2 | AE54: 5 | AF54: 140 | AG54: R3 | AH54: =+AG54 -> R3 | AI54: =+VLOOKUP(AH54,Leyenda!$O$4:$U$10,6,FALSE) -> 0,35-0,50 | AJ54: =+VLOOKUP(AH54,Leyenda!$O$4:$U$10,7,FALSE) -> Easy to blast | AK54: =+VLOOKUP(AJ54,Leyenda!$U$4:$V$10,2,FALSE) -> 3 | AL54: R3 | AM54: =+AH54 -> R3 | AN54: P2 | AO54: W1 | AP54: A2 | AQ54: G2 | AR54: F1 | AS54: Seco | AV54: =+VLOOKUP(AN54,Leyenda!$B$30:$E$34,3,FALSE) -> 4 | AW54: =+VLOOKUP('2. Logging Brejo Seco'!AO54,Meteorizacion,3,FALSE) -> 5 | AX54: =+VLOOKUP('2. Logging Brejo Seco'!AP54,Apertura,3,FALSE) -> 3 | AY54: =+VLOOKUP('2. Logging Brejo Seco'!AQ54,Leyenda!$B$55:$D$59,3,FALSE) -> 4 | AZ54: =+VLOOKUP('2. Logging Brejo Seco'!AR54,Relleno,3,FALSE) -> 4 | BA54: =+SUM(AV54:AZ54) -> 20 | BB54: =ROUND(-0.0002*POWER(V54,2)+0.2197*V54,0) -> 17 | BC54: =VLOOKUP(AM54,Leyenda!$B$4:$D$10,3,FALSE) -> 4 | BD54: =IF(Z54="",ROUND((IF(Z54<=400,1.5478*POWER(Z54,0.3351),-2*POWER(10,-6)*POWER(Z54,2)+0.0091*Z54+8.1704)),0),ROUND((IF(Z54<=400,1.5478*POWER(Z54,0.3351),-2*POWER(10,-6)*POWER(Z54,2)+0.0091*Z54+8.1704)),0)) -> 11 | BE54: =+BA54 -> 20 | BF54: =VLOOKUP(AS54,Leyenda!$B$70:$D$75,3,FALSE) -> 15 | BG54: =1.5*BA54+(V54*0.5) -> 72.857143 | BH54: =VLOOKUP(AM54,Leyenda!$B$4:$E$10,4,FALSE) -> 4 | BI54: =IF(Z54="",ROUND(IF(Z54<=50,5,IF(Z54>=3000,30,6.038*LN(Z54)-19.63)),0),ROUND(IF(Z54<=50,5,IF(Z54>=3000,30,6.038*LN(Z54)-19.63)),0)) -> 15 | BJ54: =ROUND(-0.0002*POWER(V54,2)+0.2197*V54,0) -> 17 | BK54: =+VLOOKUP('2. Logging Brejo Seco'!AP54,Leyenda!$B$47:$E$51,4,FALSE) -> 3 | BL54: =+VLOOKUP('2. Logging Brejo Seco'!AQ54,Leyenda!$B$55:$E$59,4,FALSE) -> 4 | BM54: =+VLOOKUP('2. Logging Brejo Seco'!AR54,Leyenda!$B$63:$E$67,3,FALSE) -> 4 | BN54: =+VLOOKUP('2. Logging Brejo Seco'!AO54,Leyenda!$B$39:$E$43,4,FALSE) -> 4 | BO54: =+VLOOKUP('2. Logging Brejo Seco'!AN54,Leyenda!$B$30:$E$34,4,FALSE) -> 4 | BP54: =VLOOKUP(AS54,Leyenda!$B$71:$E$75,4,FALSE) -> 10 | BQ54: =+BH54+BI54+BJ54+BK54+BL54+BM54+BN54+BO54+BP54 -> 65 | BR54: =+BC54+BD54+BB54+BE54+BF54 -> 67 | BS54: =1-N54 -> 0
A55: Brejo Seco | B55: 2024 | C55: PNM | D55: GEOTEC-01 | E55: 30 | F55: 10 | G55: P023_SAP_MG_SIL | H55: =+F55 -> 10 | J55: Rocha sá, serpentinito, bege rosa | K55: =+L54 -> 27.03 | L55: 27.97 | M55: =+L55-K55 -> 0.94 | N55: 1 | O55: =1-N55 -> 0 | P55: =+M55*N55 -> 0.94 | Q55: =+N55*M55 -> 0.94 | R55: 94 | S55: 10 | T55: 0.86 | U55: 0.86 | V55: =+U55/M55*100 -> 91.489362 | W55: 3 | Y55: =+W55+X55 -> 3 | Z55: =+IF(T55=0,"",(T55*1000)/Y55) -> 286.66667 | AA55: 85 | AB55: A3 | AC55: F3 | AD55: C2 | AE55: 10 | AF55: 94 | AG55: R3 | AH55: =+AG55 -> R3 | AI55: =+VLOOKUP(AH55,Leyenda!$O$4:$U$10,6,FALSE) -> 0,35-0,50 | AJ55: =+VLOOKUP(AH55,Leyenda!$O$4:$U$10,7,FALSE) -> Easy to blast | AK55: =+VLOOKUP(AJ55,Leyenda!$U$4:$V$10,2,FALSE) -> 3 | AL55: R3 | AM55: =+AH55 -> R3 | AN55: P2 | AO55: W1 | AP55: A2 | AQ55: G2 | AR55: F1 | AS55: Seco | AV55: =+VLOOKUP(AN55,Leyenda!$B$30:$E$34,3,FALSE) -> 4 | AW55: =+VLOOKUP('2. Logging Brejo Seco'!AO55,Meteorizacion,3,FALSE) -> 5 | AX55: =+VLOOKUP('2. Logging Brejo Seco'!AP55,Apertura,3,FALSE) -> 3 | AY55: =+VLOOKUP('2. Logging Brejo Seco'!AQ55,Leyenda!$B$55:$D$59,3,FALSE) -> 4 | AZ55: =+VLOOKUP('2. Logging Brejo Seco'!AR55,Relleno,3,FALSE) -> 4 | BA55: =+SUM(AV55:AZ55) -> 20 | BB55: =ROUND(-0.0002*POWER(V55,2)+0.2197*V55,0) -> 18 | BC55: =VLOOKUP(AM55,Leyenda!$B$4:$D$10,3,FALSE) -> 4 | BD55: =IF(Z55="",ROUND((IF(Z55<=400,1.5478*POWER(Z55,0.3351),-2*POWER(10,-6)*POWER(Z55,2)+0.0091*Z55+8.1704)),0),ROUND((IF(Z55<=400,1.5478*POWER(Z55,0.3351),-2*POWER(10,-6)*POWER(Z55,2)+0.0091*Z55+8.1704)),0)) -> 10 | BE55: =+BA55 -> 20 | BF55: =VLOOKUP(AS55,Leyenda!$B$70:$D$75,3,FALSE) -> 15 | BG55: =1.5*BA55+(V55*0.5) -> 75.744681 | BH55: =VLOOKUP(AM55,Leyenda!$B$4:$E$10,4,FALSE) -> 4 | BI55: =IF(Z55="",ROUND(IF(Z55<=50,5,IF(Z55>=3000,30,6.038*LN(Z55)-19.63)),0),ROUND(IF(Z55<=50,5,IF(Z55>=3000,30,6.038*LN(Z55)-19.63)),0)) -> 15 | BJ55: =ROUND(-0.0002*POWER(V55,2)+0.2197*V55,0) -> 18 | BK55: =+VLOOKUP('2. Logging Brejo Seco'!AP55,Leyenda!$B$47:$E$51,4,FALSE) -> 3 | BL55: =+VLOOKUP('2. Logging Brejo Seco'!AQ55,Leyenda!$B$55:$E$59,4,FALSE) -> 4 | BM55: =+VLOOKUP('2. Logging Brejo Seco'!AR55,Leyenda!$B$63:$E$67,3,FALSE) -> 4 | BN55: =+VLOOKUP('2. Logging Brejo Seco'!AO55,Leyenda!$B$39:$E$43,4,FALSE) -> 4 | BO55: =+VLOOKUP('2. Logging Brejo Seco'!AN55,Leyenda!$B$30:$E$34,4,FALSE) -> 4 | BP55: =VLOOKUP(AS55,Leyenda!$B$71:$E$75,4,FALSE) -> 10 | BQ55: =+BH55+BI55+BJ55+BK55+BL55+BM55+BN55+BO55+BP55 -> 66 | BR55: =+BC55+BD55+BB55+BE55+BF55 -> 67 | BS55: =1-N55 -> 0
A56: Brejo Seco | B56: 2024 | C56: PNM | D56: GEOTEC-01 | E56: 10 | F56: 10 | G56: P023_BedRock | H56: =+F56 -> 10 | J56: Rocha sá, serpentinito, bege rosa | K56: =+L55 -> 27.97 | L56: 29 | M56: =+L56-K56 -> 1.03 | N56: 0.87 | O56: =1-N56 -> 0.13 | P56: =+M56*N56 -> 0.8961 | Q56: =+N56*M56 -> 0.8961 | R56: 89.61 | S56: 10 | T56: 0.82 | U56: =0.38+0.16 -> 0.54 | V56: =+U56/M56*100 -> 52.427184 | W56: 5 | Y56: =+W56+X56 -> 5 | Z56: =+IF(T56=0,"",(T56*1000)/Y56) -> 164 | AA56: 34 | AB56: A1 | AC56: F3 | AD56: C2 | AE56: 10 | AF56: 89.61 | AG56: R4 | AH56: =+AG56 -> R4 | AI56: =+VLOOKUP(AH56,Leyenda!$O$4:$U$10,6,FALSE) -> 0,50-0,80 | AJ56: =+VLOOKUP(AH56,Leyenda!$O$4:$U$10,7,FALSE) -> Fairly easy to blast | AK56: =+VLOOKUP(AJ56,Leyenda!$U$4:$V$10,2,FALSE) -> 4 | AL56: R4 | AM56: =+AH56 -> R4 | AN56: P2 | AO56: W1 | AP56: A2 | AQ56: G2 | AR56: F1 | AS56: Seco | AV56: =+VLOOKUP(AN56,Leyenda!$B$30:$E$34,3,FALSE) -> 4 | AW56: =+VLOOKUP('2. Logging Brejo Seco'!AO56,Meteorizacion,3,FALSE) -> 5 | AX56: =+VLOOKUP('2. Logging Brejo Seco'!AP56,Apertura,3,FALSE) -> 3 | AY56: =+VLOOKUP('2. Logging Brejo Seco'!AQ56,Leyenda!$B$55:$D$59,3,FALSE) -> 4 | AZ56: =+VLOOKUP('2. Logging Brejo Seco'!AR56,Relleno,3,FALSE) -> 4 | BA56: =+SUM(AV56:AZ56) -> 20 | BB56: =ROUND(-0.0002*POWER(V56,2)+0.2197*V56,0) -> 11 | BC56: =VLOOKUP(AM56,Leyenda!$B$4:$D$10,3,FALSE) -> 7 | BD56: =IF(Z56="",ROUND((IF(Z56<=400,1.5478*POWER(Z56,0.3351),-2*POWER(10,-6)*POWER(Z56,2)+0.0091*Z56+8.1704)),0),ROUND((IF(Z56<=400,1.5478*POWER(Z56,0.3351),-2*POWER(10,-6)*POWER(Z56,2)+0.0091*Z56+8.1704)),0)) -> 9 | BE56: =+BA56 -> 20 | BF56: =VLOOKUP(AS56,Leyenda!$B$70:$D$75,3,FALSE) -> 15 | BG56: =1.5*BA56+(V56*0.5) -> 56.213592 | BH56: =VLOOKUP(AM56,Leyenda!$B$4:$E$10,4,FALSE) -> 7 | BI56: =IF(Z56="",ROUND(IF(Z56<=50,5,IF(Z56>=3000,30,6.038*LN(Z56)-19.63)),0),ROUND(IF(Z56<=50,5,IF(Z56>=3000,30,6.038*LN(Z56)-19.63)),0)) -> 11 | BJ56: =ROUND(-0.0002*POWER(V56,2)+0.2197*V56,0) -> 11 | BK56: =+VLOOKUP('2. Logging Brejo Seco'!AP56,Leyenda!$B$47:$E$51,4,FALSE) -> 3 | BL56: =+VLOOKUP('2. Logging Brejo Seco'!AQ56,Leyenda!$B$55:$E$59,4,FALSE) -> 4 | BM56: =+VLOOKUP('2. Logging Brejo Seco'!AR56,Leyenda!$B$63:$E$67,3,FALSE) -> 4 | BN56: =+VLOOKUP('2. Logging Brejo Seco'!AO56,Leyenda!$B$39:$E$43,4,FALSE) -> 4 | BO56: =+VLOOKUP('2. Logging Brejo Seco'!AN56,Leyenda!$B$30:$E$34,4,FALSE) -> 4 | BP56: =VLOOKUP(AS56,Leyenda!$B$71:$E$75,4,FALSE) -> 10 | BQ56: =+BH56+BI56+BJ56+BK56+BL56+BM56+BN56+BO56+BP56 -> 58 | BR56: =+BC56+BD56+BB56+BE56+BF56 -> 62 | BS56: =1-N56 -> 0.13
A57: Brejo Seco | B57: 2024 | C57: PNM | D57: GEOTEC-01 | E57: 10 | F57: 10 | G57: P023_BedRock | H57: =+F57 -> 10 | J57: Rocha sá, serpentinito, bege rosa | K57: =+L56 -> 29 | L57: 29.5 | M57: =+L57-K57 -> 0.5 | N57: 0.96 | O57: =1-N57 -> 0.04 | P57: =+M57*N57 -> 0.48 | Q57: =+N57*M57 -> 0.48 | R57: 48 | S57: 10 | T57: 0.48 | U57: 0.4 | V57: =+U57/M57*100 -> 80 | W57: 2 | Y57: =+W57+X57 -> 2 | Z57: =+IF(T57=0,"",(T57*1000)/Y57) -> 240 | AA57: 80 | AB57: A3 | AC57: F3 | AD57: C3 | AE57: 10 | AF57: 48 | AG57: R4 | AH57: =+AG57 -> R4 | AI57: =+VLOOKUP(AH57,Leyenda!$O$4:$U$10,6,FALSE) -> 0,50-0,80 | AJ57: =+VLOOKUP(AH57,Leyenda!$O$4:$U$10,7,FALSE) -> Fairly easy to blast | AK57: =+VLOOKUP(AJ57,Leyenda!$U$4:$V$10,2,FALSE) -> 4 | AL57: R4 | AM57: =+AH57 -> R4 | AN57: P2 | AO57: W1 | AP57: A2 | AQ57: G2 | AR57: F1 | AS57: Seco | AV57: =+VLOOKUP(AN57,Leyenda!$B$30:$E$34,3,FALSE) -> 4 | AW57: =+VLOOKUP('2. Logging Brejo Seco'!AO57,Meteorizacion,3,FALSE) -> 5 | AX57: =+VLOOKUP('2. Logging Brejo Seco'!AP57,Apertura,3,FALSE) -> 3 | AY57: =+VLOOKUP('2. Logging Brejo Seco'!AQ57,Leyenda!$B$55:$D$59,3,FALSE) -> 4 | AZ57: =+VLOOKUP('2. Logging Brejo Seco'!AR57,Relleno,3,FALSE) -> 4 | BA57: =+SUM(AV57:AZ57) -> 20 | BB57: =ROUND(-0.0002*POWER(V57,2)+0.2197*V57,0) -> 16 | BC57: =VLOOKUP(AM57,Leyenda!$B$4:$D$10,3,FALSE) -> 7 | BD57: =IF(Z57="",ROUND((IF(Z57<=400,1.5478*POWER(Z57,0.3351),-2*POWER(10,-6)*POWER(Z57,2)+0.0091*Z57+8.1704)),0),ROUND((IF(Z57<=400,1.5478*POWER(Z57,0.3351),-2*POWER(10,-6)*POWER(Z57,2)+0.0091*Z57+8.1704)),0)) -> 10 | BE57: =+BA57 -> 20 | BF57: =VLOOKUP(AS57,Leyenda!$B$70:$D$75,3,FALSE) -> 15 | BG57: =1.5*BA57+(V57*0.5) -> 70 | BH57: =VLOOKUP(AM57,Leyenda!$B$4:$E$10,4,FALSE) -> 7 | BI57: =IF(Z57="",ROUND(IF(Z57<=50,5,IF(Z57>=3000,30,6.038*LN(Z57)-19.63)),0),ROUND(IF(Z57<=50,5,IF(Z57>=3000,30,6.038*LN(Z57)-19.63)),0)) -> 13 | BJ57: =ROUND(-0.0002*POWER(V57,2)+0.2197*V57,0) -> 16 | BK57: =+VLOOKUP('2. Logging Brejo Seco'!AP57,Leyenda!$B$47:$E$51,4,FALSE) -> 3 | BL57: =+VLOOKUP('2. Logging Brejo Seco'!AQ57,Leyenda!$B$55:$E$59,4,FALSE) -> 4 | BM57: =+VLOOKUP('2. Logging Brejo Seco'!AR57,Leyenda!$B$63:$E$67,3,FALSE) -> 4 | BN57: =+VLOOKUP('2. Logging Brejo Seco'!AO57,Leyenda!$B$39:$E$43,4,FALSE) -> 4 | BO57: =+VLOOKUP('2. Logging Brejo Seco'!AN57,Leyenda!$B$30:$E$34,4,FALSE) -> 4 | BP57: =VLOOKUP(AS57,Leyenda!$B$71:$E$75,4,FALSE) -> 10 | BQ57: =+BH57+BI57+BJ57+BK57+BL57+BM57+BN57+BO57+BP57 -> 65 | BR57: =+BC57+BD57+BB57+BE57+BF57 -> 68 | BS57: =1-N57 -> 0.04
A58: Brejo Seco | B58: 2024 | C58: PNM | D58: GEOTEC-01 | E58: 10 | F58: 10 | G58: P023_BedRock | H58: =+F58 -> 10 | J58: Rocha sá, serpentinito, bege rosa | K58: =+L57 -> 29.5 | L58: 30.24 | M58: =+L58-K58 -> 0.74 | N58: 1 | O58: =1-N58 -> 0 | P58: =+M58*N58 -> 0.74 | Q58: =+N58*M58 -> 0.74 | R58: 74 | S58: 10 | T58: 0.7 | U58: 0.61 | V58: =+U58/M58*100 -> 82.432432 | W58: 3 | Y58: =+W58+X58 -> 3 | Z58: =+IF(T58=0,"",(T58*1000)/Y58) -> 233.33333 | AA58: 86 | AB58: A3 | AC58: F3 | AD58: C3 | AE58: 10 | AF58: 74 | AG58: R4 | AH58: =+AG58 -> R4 | AI58: =+VLOOKUP(AH58,Leyenda!$O$4:$U$10,6,FALSE) -> 0,50-0,80 | AJ58: =+VLOOKUP(AH58,Leyenda!$O$4:$U$10,7,FALSE) -> Fairly easy to blast | AK58: =+VLOOKUP(AJ58,Leyenda!$U$4:$V$10,2,FALSE) -> 4 | AL58: R4 | AM58: =+AH58 -> R4 | AN58: P2 | AO58: W1 | AP58: A2 | AQ58: G2 | AR58: F1 | AS58: Seco | AV58: =+VLOOKUP(AN58,Leyenda!$B$30:$E$34,3,FALSE) -> 4 | AW58: =+VLOOKUP('2. Logging Brejo Seco'!AO58,Meteorizacion,3,FALSE) -> 5 | AX58: =+VLOOKUP('2. Logging Brejo Seco'!AP58,Apertura,3,FALSE) -> 3 | AY58: =+VLOOKUP('2. Logging Brejo Seco'!AQ58,Leyenda!$B$55:$D$59,3,FALSE) -> 4 | AZ58: =+VLOOKUP('2. Logging Brejo Seco'!AR58,Relleno,3,FALSE) -> 4 | BA58: =+SUM(AV58:AZ58) -> 20 | BB58: =ROUND(-0.0002*POWER(V58,2)+0.2197*V58,0) -> 17 | BC58: =VLOOKUP(AM58,Leyenda!$B$4:$D$10,3,FALSE) -> 7 | BD58: =IF(Z58="",ROUND((IF(Z58<=400,1.5478*POWER(Z58,0.3351),-2*POWER(10,-6)*POWER(Z58,2)+0.0091*Z58+8.1704)),0),ROUND((IF(Z58<=400,1.5478*POWER(Z58,0.3351),-2*POWER(10,-6)*POWER(Z58,2)+0.0091*Z58+8.1704)),0)) -> 10 | BE58: =+BA58 -> 20 | BF58: =VLOOKUP(AS58,Leyenda!$B$70:$D$75,3,FALSE) -> 15 | BG58: =1.5*BA58+(V58*0.5) -> 71.216216 | BH58: =VLOOKUP(AM58,Leyenda!$B$4:$E$10,4,FALSE) -> 7 | BI58: =IF(Z58="",ROUND(IF(Z58<=50,5,IF(Z58>=3000,30,6.038*LN(Z58)-19.63)),0),ROUND(IF(Z58<=50,5,IF(Z58>=3000,30,6.038*LN(Z58)-19.63)),0)) -> 13 | BJ58: =ROUND(-0.0002*POWER(V58,2)+0.2197*V58,0) -> 17 | BK58: =+VLOOKUP('2. Logging Brejo Seco'!AP58,Leyenda!$B$47:$E$51,4,FALSE) -> 3 | BL58: =+VLOOKUP('2. Logging Brejo Seco'!AQ58,Leyenda!$B$55:$E$59,4,FALSE) -> 4 | BM58: =+VLOOKUP('2. Logging Brejo Seco'!AR58,Leyenda!$B$63:$E$67,3,FALSE) -> 4 | BN58: =+VLOOKUP('2. Logging Brejo Seco'!AO58,Leyenda!$B$39:$E$43,4,FALSE) -> 4 | BO58: =+VLOOKUP('2. Logging Brejo Seco'!AN58,Leyenda!$B$30:$E$34,4,FALSE) -> 4 | BP58: =VLOOKUP(AS58,Leyenda!$B$71:$E$75,4,FALSE) -> 10 | BQ58: =+BH58+BI58+BJ58+BK58+BL58+BM58+BN58+BO58+BP58 -> 66 | BR58: =+BC58+BD58+BB58+BE58+BF58 -> 69 | BS58: =1-N58 -> 0
A59: Brejo Seco | B59: 2024 | C59: PNM | D59: GEOTEC-01 | E59: 10 | F59: 10 | G59: P023_BedRock | H59: =+F59 -> 10 | J59: Rocha sá, serpentinito, bege rosa | K59: =+L58 -> 30.24 | L59: 31.04 | M59: =+L59-K59 -> 0.8 | N59: 1 | O59: =1-N59 -> 0 | P59: =+M59*N59 -> 0.8 | Q59: =+N59*M59 -> 0.8 | R59: 53.333333 | S59: 15 | T59: 0.71 | U59: 0.6 | V59: =+U59/M59*100 -> 75 | W59: 3 | Y59: =+W59+X59 -> 3 | Z59: =+IF(T59=0,"",(T59*1000)/Y59) -> 236.66667 | AA59: 13 | AB59: A4 | AC59: F4 | AD59: C3 | AE59: 15 | AF59: 53.333333 | AG59: R4 | AH59: =+AG59 -> R4 | AI59: =+VLOOKUP(AH59,Leyenda!$O$4:$U$10,6,FALSE) -> 0,50-0,80 | AJ59: =+VLOOKUP(AH59,Leyenda!$O$4:$U$10,7,FALSE) -> Fairly easy to blast | AK59: =+VLOOKUP(AJ59,Leyenda!$U$4:$V$10,2,FALSE) -> 4 | AL59: R4 | AM59: =+AH59 -> R4 | AN59: P2 | AO59: W1 | AP59: A2 | AQ59: G2 | AR59: F1 | AS59: Seco | AV59: =+VLOOKUP(AN59,Leyenda!$B$30:$E$34,3,FALSE) -> 4 | AW59: =+VLOOKUP('2. Logging Brejo Seco'!AO59,Meteorizacion,3,FALSE) -> 5 | AX59: =+VLOOKUP('2. Logging Brejo Seco'!AP59,Apertura,3,FALSE) -> 3 | AY59: =+VLOOKUP('2. Logging Brejo Seco'!AQ59,Leyenda!$B$55:$D$59,3,FALSE) -> 4 | AZ59: =+VLOOKUP('2. Logging Brejo Seco'!AR59,Relleno,3,FALSE) -> 4 | BA59: =+SUM(AV59:AZ59) -> 20 | BB59: =ROUND(-0.0002*POWER(V59,2)+0.2197*V59,0) -> 15 | BC59: =VLOOKUP(AM59,Leyenda!$B$4:$D$10,3,FALSE) -> 7 | BD59: =IF(Z59="",ROUND((IF(Z59<=400,1.5478*POWER(Z59,0.3351),-2*POWER(10,-6)*POWER(Z59,2)+0.0091*Z59+8.1704)),0),ROUND((IF(Z59<=400,1.5478*POWER(Z59,0.3351),-2*POWER(10,-6)*POWER(Z59,2)+0.0091*Z59+8.1704)),0)) -> 10 | BE59: =+BA59 -> 20 | BF59: =VLOOKUP(AS59,Leyenda!$B$70:$D$75,3,FALSE) -> 15 | BG59: =1.5*BA59+(V59*0.5) -> 67.5 | BH59: =VLOOKUP(AM59,Leyenda!$B$4:$E$10,4,FALSE) -> 7 | BI59: =IF(Z59="",ROUND(IF(Z59<=50,5,IF(Z59>=3000,30,6.038*LN(Z59)-19.63)),0),ROUND(IF(Z59<=50,5,IF(Z59>=3000,30,6.038*LN(Z59)-19.63)),0)) -> 13 | BJ59: =ROUND(-0.0002*POWER(V59,2)+0.2197*V59,0) -> 15 | BK59: =+VLOOKUP('2. Logging Brejo Seco'!AP59,Leyenda!$B$47:$E$51,4,FALSE) -> 3 | BL59: =+VLOOKUP('2. Logging Brejo Seco'!AQ59,Leyenda!$B$55:$E$59,4,FALSE) -> 4 | BM59: =+VLOOKUP('2. Logging Brejo Seco'!AR59,Leyenda!$B$63:$E$67,3,FALSE) -> 4 | BN59: =+VLOOKUP('2. Logging Brejo Seco'!AO59,Leyenda!$B$39:$E$43,4,FALSE) -> 4 | BO59: =+VLOOKUP('2. Logging Brejo Seco'!AN59,Leyenda!$B$30:$E$34,4,FALSE) -> 4 | BP59: =VLOOKUP(AS59,Leyenda!$B$71:$E$75,4,FALSE) -> 10 | BQ59: =+BH59+BI59+BJ59+BK59+BL59+BM59+BN59+BO59+BP59 -> 64 | BR59: =+BC59+BD59+BB59+BE59+BF59 -> 67 | BS59: =1-N59 -> 0
A60: Brejo Seco | B60: 2024 | C60: PNM | D60: GEOTEC-01 | E60: 10 | F60: 10 | G60: P023_BedRock | H60: =+F60 -> 10 | J60: Rocha sá, serpentinito, bege rosa | K60: =+L59 -> 31.04 | L60: 32.04 | M60: =+L60-K60 -> 1 | N60: 1 | O60: =1-N60 -> 0 | P60: =+M60*N60 -> 1 | Q60: =+N60*M60 -> 1 | R60: 200 | S60: 5 | T60: 0.9 | U60: 0.4 | V60: =+U60/M60*100 -> 40 | W60: 6 | Y60: =+W60+X60 -> 6 | Z60: =+IF(T60=0,"",(T60*1000)/Y60) -> 150 | AA60: 21 | AB60: A3 | AC60: F2 | AD60: C3 | AE60: 5 | AF60: 200 | AG60: R4 | AH60: =+AG60 -> R4 | AI60: =+VLOOKUP(AH60,Leyenda!$O$4:$U$10,6,FALSE) -> 0,50-0,80 | AJ60: =+VLOOKUP(AH60,Leyenda!$O$4:$U$10,7,FALSE) -> Fairly easy to blast | AK60: =+VLOOKUP(AJ60,Leyenda!$U$4:$V$10,2,FALSE) -> 4 | AL60: R4 | AM60: =+AH60 -> R4 | AN60: P2 | AO60: W1 | AP60: A2 | AQ60: G2 | AR60: F1 | AS60: Seco | AV60: =+VLOOKUP(AN60,Leyenda!$B$30:$E$34,3,FALSE) -> 4 | AW60: =+VLOOKUP('2. Logging Brejo Seco'!AO60,Meteorizacion,3,FALSE) -> 5 | AX60: =+VLOOKUP('2. Logging Brejo Seco'!AP60,Apertura,3,FALSE) -> 3 | AY60: =+VLOOKUP('2. Logging Brejo Seco'!AQ60,Leyenda!$B$55:$D$59,3,FALSE) -> 4 | AZ60: =+VLOOKUP('2. Logging Brejo Seco'!AR60,Relleno,3,FALSE) -> 4 | BA60: =+SUM(AV60:AZ60) -> 20 | BB60: =ROUND(-0.0002*POWER(V60,2)+0.2197*V60,0) -> 8 | BC60: =VLOOKUP(AM60,Leyenda!$B$4:$D$10,3,FALSE) -> 7 | BD60: =IF(Z60="",ROUND((IF(Z60<=400,1.5478*POWER(Z60,0.3351),-2*POWER(10,-6)*POWER(Z60,2)+0.0091*Z60+8.1704)),0),ROUND((IF(Z60<=400,1.5478*POWER(Z60,0.3351),-2*POWER(10,-6)*POWER(Z60,2)+0.0091*Z60+8.1704)),0)) -> 8 | BE60: =+BA60 -> 20 | BF60: =VLOOKUP(AS60,Leyenda!$B$70:$D$75,3,FALSE) -> 15 | BG60: =1.5*BA60+(V60*0.5) -> 50 | BH60: =VLOOKUP(AM60,Leyenda!$B$4:$E$10,4,FALSE) -> 7 | BI60: =IF(Z60="",ROUND(IF(Z60<=50,5,IF(Z60>=3000,30,6.038*LN(Z60)-19.63)),0),ROUND(IF(Z60<=50,5,IF(Z60>=3000,30,6.038*LN(Z60)-19.63)),0)) -> 11 | BJ60: =ROUND(-0.0002*POWER(V60,2)+0.2197*V60,0) -> 8 | BK60: =+VLOOKUP('2. Logging Brejo Seco'!AP60,Leyenda!$B$47:$E$51,4,FALSE) -> 3 | BL60: =+VLOOKUP('2. Logging Brejo Seco'!AQ60,Leyenda!$B$55:$E$59,4,FALSE) -> 4 | BM60: =+VLOOKUP('2. Logging Brejo Seco'!AR60,Leyenda!$B$63:$E$67,3,FALSE) -> 4 | BN60: =+VLOOKUP('2. Logging Brejo Seco'!AO60,Leyenda!$B$39:$E$43,4,FALSE) -> 4 | BO60: =+VLOOKUP('2. Logging Brejo Seco'!AN60,Leyenda!$B$30:$E$34,4,FALSE) -> 4 | BP60: =VLOOKUP(AS60,Leyenda!$B$71:$E$75,4,FALSE) -> 10 | BQ60: =+BH60+BI60+BJ60+BK60+BL60+BM60+BN60+BO60+BP60 -> 55 | BR60: =+BC60+BD60+BB60+BE60+BF60 -> 58 | BS60: =1-N60 -> 0
A61: Brejo Seco | B61: 2024 | C61: PNM | D61: GEOTEC-01 | E61: 10 | F61: 10 | G61: P023_BedRock | H61: =+F61 -> 10 | J61: Rocha sá, serpentinito, bege rosa | K61: =+L60 -> 32.04 | L61: 32.54 | M61: =+L61-K61 -> 0.5 | N61: 0.9 | O61: =1-N61 -> 0.1 | P61: =+M61*N61 -> 0.45 | Q61: =+N61*M61 -> 0.45 | R61: 450 | S61: 1 | T61: 0.36 | U61: 0.15 | V61: =+U61/M61*100 -> 30 | W61: 5 | Y61: =+W61+X61 -> 5 | Z61: =+IF(T61=0,"",(T61*1000)/Y61) -> 72 | AA61: 30 | AB61: A3 | AC61: F1 | AD61: C2 | AE61: 1 | AF61: 450 | AG61: R4 | AH61: =+AG61 -> R4 | AI61: =+VLOOKUP(AH61,Leyenda!$O$4:$U$10,6,FALSE) -> 0,50-0,80 | AJ61: =+VLOOKUP(AH61,Leyenda!$O$4:$U$10,7,FALSE) -> Fairly easy to blast | AK61: =+VLOOKUP(AJ61,Leyenda!$U$4:$V$10,2,FALSE) -> 4 | AL61: R4 | AM61: =+AH61 -> R4 | AN61: P2 | AO61: W1 | AP61: A2 | AQ61: G2 | AR61: F1 | AS61: Seco | AV61: =+VLOOKUP(AN61,Leyenda!$B$30:$E$34,3,FALSE) -> 4 | AW61: =+VLOOKUP('2. Logging Brejo Seco'!AO61,Meteorizacion,3,FALSE) -> 5 | AX61: =+VLOOKUP('2. Logging Brejo Seco'!AP61,Apertura,3,FALSE) -> 3 | AY61: =+VLOOKUP('2. Logging Brejo Seco'!AQ61,Leyenda!$B$55:$D$59,3,FALSE) -> 4 | AZ61: =+VLOOKUP('2. Logging Brejo Seco'!AR61,Relleno,3,FALSE) -> 4 | BA61: =+SUM(AV61:AZ61) -> 20 | BB61: =ROUND(-0.0002*POWER(V61,2)+0.2197*V61,0) -> 6 | BC61: =VLOOKUP(AM61,Leyenda!$B$4:$D$10,3,FALSE) -> 7 | BD61: =IF(Z61="",ROUND((IF(Z61<=400,1.5478*POWER(Z61,0.3351),-2*POWER(10,-6)*POWER(Z61,2)+0.0091*Z61+8.1704)),0),ROUND((IF(Z61<=400,1.5478*POWER(Z61,0.3351),-2*POWER(10,-6)*POWER(Z61,2)+0.0091*Z61+8.1704)),0)) -> 6 | BE61: =+BA61 -> 20 | BF61: =VLOOKUP(AS61,Leyenda!$B$70:$D$75,3,FALSE) -> 15 | BG61: =1.5*BA61+(V61*0.5) -> 45 | BH61: =VLOOKUP(AM61,Leyenda!$B$4:$E$10,4,FALSE) -> 7 | BI61: =IF(Z61="",ROUND(IF(Z61<=50,5,IF(Z61>=3000,30,6.038*LN(Z61)-19.63)),0),ROUND(IF(Z61<=50,5,IF(Z61>=3000,30,6.038*LN(Z61)-19.63)),0)) -> 6 | BJ61: =ROUND(-0.0002*POWER(V61,2)+0.2197*V61,0) -> 6 | BK61: =+VLOOKUP('2. Logging Brejo Seco'!AP61,Leyenda!$B$47:$E$51,4,FALSE) -> 3 | BL61: =+VLOOKUP('2. Logging Brejo Seco'!AQ61,Leyenda!$B$55:$E$59,4,FALSE) -> 4 | BM61: =+VLOOKUP('2. Logging Brejo Seco'!AR61,Leyenda!$B$63:$E$67,3,FALSE) -> 4 | BN61: =+VLOOKUP('2. Logging Brejo Seco'!AO61,Leyenda!$B$39:$E$43,4,FALSE) -> 4 | BO61: =+VLOOKUP('2. Logging Brejo Seco'!AN61,Leyenda!$B$30:$E$34,4,FALSE) -> 4 | BP61: =VLOOKUP(AS61,Leyenda!$B$71:$E$75,4,FALSE) -> 10 | BQ61: =+BH61+BI61+BJ61+BK61+BL61+BM61+BN61+BO61+BP61 -> 48 | BR61: =+BC61+BD61+BB61+BE61+BF61 -> 54 | BS61: =1-N61 -> 0.1
A62: Brejo Seco | B62: 2024 | C62: PNM | D62: GEOTEC-01 | E62: 10 | F62: 10 | G62: P023_BedRock | H62: =+F62 -> 10 | J62: Rocha sá, serpentinito, bege rosa | K62: =+L61 -> 32.54 | L62: 33.29 | M62: =+L62-K62 -> 0.75 | N62: 1 | O62: =1-N62 -> 0 | P62: =+M62*N62 -> 0.75 | Q62: =+N62*M62 -> 0.75 | R62: 750 | S62: 1 | T62: 0.74 | U62: 0.2 | V62: =+U62/M62*100 -> 26.666667 | W62: 7 | Y62: =+W62+X62 -> 7 | Z62: =+IF(T62=0,"",(T62*1000)/Y62) -> 105.71429 | AA62: 75 | AB62: A3 | AC62: F1 | AD62: C3 | AE62: 1 | AF62: 750 | AG62: R4 | AH62: =+AG62 -> R4 | AI62: =+VLOOKUP(AH62,Leyenda!$O$4:$U$10,6,FALSE) -> 0,50-0,80 | AJ62: =+VLOOKUP(AH62,Leyenda!$O$4:$U$10,7,FALSE) -> Fairly easy to blast | AK62: =+VLOOKUP(AJ62,Leyenda!$U$4:$V$10,2,FALSE) -> 4 | AL62: R4 | AM62: =+AH62 -> R4 | AN62: P2 | AO62: W1 | AP62: A2 | AQ62: G2 | AR62: F1 | AS62: Seco | AV62: =+VLOOKUP(AN62,Leyenda!$B$30:$E$34,3,FALSE) -> 4 | AW62: =+VLOOKUP('2. Logging Brejo Seco'!AO62,Meteorizacion,3,FALSE) -> 5 | AX62: =+VLOOKUP('2. Logging Brejo Seco'!AP62,Apertura,3,FALSE) -> 3 | AY62: =+VLOOKUP('2. Logging Brejo Seco'!AQ62,Leyenda!$B$55:$D$59,3,FALSE) -> 4 | AZ62: =+VLOOKUP('2. Logging Brejo Seco'!AR62,Relleno,3,FALSE) -> 4 | BA62: =+SUM(AV62:AZ62) -> 20 | BB62: =ROUND(-0.0002*POWER(V62,2)+0.2197*V62,0) -> 6 | BC62: =VLOOKUP(AM62,Leyenda!$B$4:$D$10,3,FALSE) -> 7 | BD62: =IF(Z62="",ROUND((IF(Z62<=400,1.5478*POWER(Z62,0.3351),-2*POWER(10,-6)*POWER(Z62,2)+0.0091*Z62+8.1704)),0),ROUND((IF(Z62<=400,1.5478*POWER(Z62,0.3351),-2*POWER(10,-6)*POWER(Z62,2)+0.0091*Z62+8.1704)),0)) -> 7 | BE62: =+BA62 -> 20 | BF62: =VLOOKUP(AS62,Leyenda!$B$70:$D$75,3,FALSE) -> 15 | BG62: =1.5*BA62+(V62*0.5) -> 43.333333 | BH62: =VLOOKUP(AM62,Leyenda!$B$4:$E$10,4,FALSE) -> 7 | BI62: =IF(Z62="",ROUND(IF(Z62<=50,5,IF(Z62>=3000,30,6.038*LN(Z62)-19.63)),0),ROUND(IF(Z62<=50,5,IF(Z62>=3000,30,6.038*LN(Z62)-19.63)),0)) -> 9 | BJ62: =ROUND(-0.0002*POWER(V62,2)+0.2197*V62,0) -> 6 | BK62: =+VLOOKUP('2. Logging Brejo Seco'!AP62,Leyenda!$B$47:$E$51,4,FALSE) -> 3 | BL62: =+VLOOKUP('2. Logging Brejo Seco'!AQ62,Leyenda!$B$55:$E$59,4,FALSE) -> 4 | BM62: =+VLOOKUP('2. Logging Brejo Seco'!AR62,Leyenda!$B$63:$E$67,3,FALSE) -> 4 | BN62: =+VLOOKUP('2. Logging Brejo Seco'!AO62,Leyenda!$B$39:$E$43,4,FALSE) -> 4 | BO62: =+VLOOKUP('2. Logging Brejo Seco'!AN62,Leyenda!$B$30:$E$34,4,FALSE) -> 4 | BP62: =VLOOKUP(AS62,Leyenda!$B$71:$E$75,4,FALSE) -> 10 | BQ62: =+BH62+BI62+BJ62+BK62+BL62+BM62+BN62+BO62+BP62 -> 51 | BR62: =+BC62+BD62+BB62+BE62+BF62 -> 55 | BS62: =1-N62 -> 0
A63: Brejo Seco | B63: 2024 | C63: PNM | D63: GEOTEC-01 | E63: 10 | F63: 10 | G63: P023_BedRock | H63: =+F63 -> 10 | J63: Rocha sá, serpentinito, bege rosa | K63: =+L62 -> 33.29 | L63: 33.85 | M63: =+L63-K63 -> 0.56 | N63: 1 | O63: =1-N63 -> 0 | P63: =+M63*N63 -> 0.56 | Q63: =+N63*M63 -> 0.56 | R63: 28 | S63: 20 | T63: 0.52 | U63: 0.52 | V63: =+U63/M63*100 -> 92.857143 | W63: 1 | Y63: =+W63+X63 -> 1 | Z63: =+IF(T63=0,"",(T63*1000)/Y63) -> 520 | AA63: 54 | AB63: A2 | AC63: F5 | AD63: C2 | AE63: 20 | AF63: 28 | AG63: R4 | AH63: =+AG63 -> R4 | AI63: =+VLOOKUP(AH63,Leyenda!$O$4:$U$10,6,FALSE) -> 0,50-0,80 | AJ63: =+VLOOKUP(AH63,Leyenda!$O$4:$U$10,7,FALSE) -> Fairly easy to blast | AK63: =+VLOOKUP(AJ63,Leyenda!$U$4:$V$10,2,FALSE) -> 4 | AL63: R4 | AM63: =+AH63 -> R4 | AN63: P2 | AO63: W1 | AP63: A2 | AQ63: G2 | AR63: F1 | AS63: Seco | AV63: =+VLOOKUP(AN63,Leyenda!$B$30:$E$34,3,FALSE) -> 4 | AW63: =+VLOOKUP('2. Logging Brejo Seco'!AO63,Meteorizacion,3,FALSE) -> 5 | AX63: =+VLOOKUP('2. Logging Brejo Seco'!AP63,Apertura,3,FALSE) -> 3 | AY63: =+VLOOKUP('2. Logging Brejo Seco'!AQ63,Leyenda!$B$55:$D$59,3,FALSE) -> 4 | AZ63: =+VLOOKUP('2. Logging Brejo Seco'!AR63,Relleno,3,FALSE) -> 4 | BA63: =+SUM(AV63:AZ63) -> 20 | BB63: =ROUND(-0.0002*POWER(V63,2)+0.2197*V63,0) -> 19 | BC63: =VLOOKUP(AM63,Leyenda!$B$4:$D$10,3,FALSE) -> 7 | BD63: =IF(Z63="",ROUND((IF(Z63<=400,1.5478*POWER(Z63,0.3351),-2*POWER(10,-6)*POWER(Z63,2)+0.0091*Z63+8.1704)),0),ROUND((IF(Z63<=400,1.5478*POWER(Z63,0.3351),-2*POWER(10,-6)*POWER(Z63,2)+0.0091*Z63+8.1704)),0)) -> 12 | BE63: =+BA63 -> 20 | BF63: =VLOOKUP(AS63,Leyenda!$B$70:$D$75,3,FALSE) -> 15 | BG63: =1.5*BA63+(V63*0.5) -> 76.428571 | BH63: =VLOOKUP(AM63,Leyenda!$B$4:$E$10,4,FALSE) -> 7 | BI63: =IF(Z63="",ROUND(IF(Z63<=50,5,IF(Z63>=3000,30,6.038*LN(Z63)-19.63)),0),ROUND(IF(Z63<=50,5,IF(Z63>=3000,30,6.038*LN(Z63)-19.63)),0)) -> 18 | BJ63: =ROUND(-0.0002*POWER(V63,2)+0.2197*V63,0) -> 19 | BK63: =+VLOOKUP('2. Logging Brejo Seco'!AP63,Leyenda!$B$47:$E$51,4,FALSE) -> 3 | BL63: =+VLOOKUP('2. Logging Brejo Seco'!AQ63,Leyenda!$B$55:$E$59,4,FALSE) -> 4 | BM63: =+VLOOKUP('2. Logging Brejo Seco'!AR63,Leyenda!$B$63:$E$67,3,FALSE) -> 4 | BN63: =+VLOOKUP('2. Logging Brejo Seco'!AO63,Leyenda!$B$39:$E$43,4,FALSE) -> 4 | BO63: =+VLOOKUP('2. Logging Brejo Seco'!AN63,Leyenda!$B$30:$E$34,4,FALSE) -> 4 | BP63: =VLOOKUP(AS63,Leyenda!$B$71:$E$75,4,FALSE) -> 10 | BQ63: =+BH63+BI63+BJ63+BK63+BL63+BM63+BN63+BO63+BP63 -> 73 | BR63: =+BC63+BD63+BB63+BE63+BF63 -> 73 | BS63: =1-N63 -> 0
A64: Brejo Seco | B64: 2024 | C64: PNM | D64: GEOTEC-01 | E64: 10 | F64: 10 | G64: P023_BedRock | H64: =+F64 -> 10 | J64: Rocha sá, serpentinito, bege rosa | K64: =+L63 -> 33.85 | L64: 34.35 | M64: =+L64-K64 -> 0.5 | N64: 0.78 | O64: =1-N64 -> 0.22 | P64: =+M64*N64 -> 0.39 | Q64: =+N64*M64 -> 0.39 | R64: 19.5 | S64: 20 | T64: 0.37 | U64: 0.32 | V64: =+U64/M64*100 -> 64 | W64: 3 | Y64: =+W64+X64 -> 3 | Z64: =+IF(T64=0,"",(T64*1000)/Y64) -> 123.33333 | AA64: 40 | AB64: A3 | AC64: F5 | AD64: C3 | AE64: 20 | AF64: 19.5 | AG64: R4 | AH64: =+AG64 -> R4 | AI64: =+VLOOKUP(AH64,Leyenda!$O$4:$U$10,6,FALSE) -> 0,50-0,80 | AJ64: =+VLOOKUP(AH64,Leyenda!$O$4:$U$10,7,FALSE) -> Fairly easy to blast | AK64: =+VLOOKUP(AJ64,Leyenda!$U$4:$V$10,2,FALSE) -> 4 | AL64: R4 | AM64: =+AH64 -> R4 | AN64: P2 | AO64: W1 | AP64: A2 | AQ64: G2 | AR64: F1 | AS64: Seco | AV64: =+VLOOKUP(AN64,Leyenda!$B$30:$E$34,3,FALSE) -> 4 | AW64: =+VLOOKUP('2. Logging Brejo Seco'!AO64,Meteorizacion,3,FALSE) -> 5 | AX64: =+VLOOKUP('2. Logging Brejo Seco'!AP64,Apertura,3,FALSE) -> 3 | AY64: =+VLOOKUP('2. Logging Brejo Seco'!AQ64,Leyenda!$B$55:$D$59,3,FALSE) -> 4 | AZ64: =+VLOOKUP('2. Logging Brejo Seco'!AR64,Relleno,3,FALSE) -> 4 | BA64: =+SUM(AV64:AZ64) -> 20 | BB64: =ROUND(-0.0002*POWER(V64,2)+0.2197*V64,0) -> 13 | BC64: =VLOOKUP(AM64,Leyenda!$B$4:$D$10,3,FALSE) -> 7 | BD64: =IF(Z64="",ROUND((IF(Z64<=400,1.5478*POWER(Z64,0.3351),-2*POWER(10,-6)*POWER(Z64,2)+0.0091*Z64+8.1704)),0),ROUND((IF(Z64<=400,1.5478*POWER(Z64,0.3351),-2*POWER(10,-6)*POWER(Z64,2)+0.0091*Z64+8.1704)),0)) -> 8 | BE64: =+BA64 -> 20 | BF64: =VLOOKUP(AS64,Leyenda!$B$70:$D$75,3,FALSE) -> 15 | BG64: =1.5*BA64+(V64*0.5) -> 62 | BH64: =VLOOKUP(AM64,Leyenda!$B$4:$E$10,4,FALSE) -> 7 | BI64: =IF(Z64="",ROUND(IF(Z64<=50,5,IF(Z64>=3000,30,6.038*LN(Z64)-19.63)),0),ROUND(IF(Z64<=50,5,IF(Z64>=3000,30,6.038*LN(Z64)-19.63)),0)) -> 9 | BJ64: =ROUND(-0.0002*POWER(V64,2)+0.2197*V64,0) -> 13 | BK64: =+VLOOKUP('2. Logging Brejo Seco'!AP64,Leyenda!$B$47:$E$51,4,FALSE) -> 3 | BL64: =+VLOOKUP('2. Logging Brejo Seco'!AQ64,Leyenda!$B$55:$E$59,4,FALSE) -> 4 | BM64: =+VLOOKUP('2. Logging Brejo Seco'!AR64,Leyenda!$B$63:$E$67,3,FALSE) -> 4 | BN64: =+VLOOKUP('2. Logging Brejo Seco'!AO64,Leyenda!$B$39:$E$43,4,FALSE) -> 4 | BO64: =+VLOOKUP('2. Logging Brejo Seco'!AN64,Leyenda!$B$30:$E$34,4,FALSE) -> 4 | BP64: =VLOOKUP(AS64,Leyenda!$B$71:$E$75,4,FALSE) -> 10 | BQ64: =+BH64+BI64+BJ64+BK64+BL64+BM64+BN64+BO64+BP64 -> 58 | BR64: =+BC64+BD64+BB64+BE64+BF64 -> 63 | BS64: =1-N64 -> 0.22
A65: Brejo Seco | B65: 2024 | C65: PNM | D65: GEOTEC-01 | E65: 10 | F65: 10 | G65: P023_BedRock | H65: =+F65 -> 10 | J65: Rocha sá, serpentinito, bege rosa | K65: =+L64 -> 34.35 | L65: 34.85 | M65: =+L65-K65 -> 0.5 | N65: 0.94 | O65: =1-N65 -> 0.06 | P65: =+M65*N65 -> 0.47 | Q65: =+N65*M65 -> 0.47 | R65: 23.5 | S65: 20 | T65: 0.44 | U65: 0.2 | V65: =+U65/M65*100 -> 40 | W65: 6 | Y65: =+W65+X65 -> 6 | Z65: =+IF(T65=0,"",(T65*1000)/Y65) -> 73.333333 | AA65: 0 | AB65: A2 | AC65: F5 | AD65: C2 | AE65: 20 | AF65: 23.5 | AG65: R4 | AH65: =+AG65 -> R4 | AI65: =+VLOOKUP(AH65,Leyenda!$O$4:$U$10,6,FALSE) -> 0,50-0,80 | AJ65: =+VLOOKUP(AH65,Leyenda!$O$4:$U$10,7,FALSE) -> Fairly easy to blast | AK65: =+VLOOKUP(AJ65,Leyenda!$U$4:$V$10,2,FALSE) -> 4 | AL65: R4 | AM65: =+AH65 -> R4 | AN65: P2 | AO65: W1 | AP65: A2 | AQ65: G2 | AR65: F1 | AS65: Seco | AV65: =+VLOOKUP(AN65,Leyenda!$B$30:$E$34,3,FALSE) -> 4 | AW65: =+VLOOKUP('2. Logging Brejo Seco'!AO65,Meteorizacion,3,FALSE) -> 5 | AX65: =+VLOOKUP('2. Logging Brejo Seco'!AP65,Apertura,3,FALSE) -> 3 | AY65: =+VLOOKUP('2. Logging Brejo Seco'!AQ65,Leyenda!$B$55:$D$59,3,FALSE) -> 4 | AZ65: =+VLOOKUP('2. Logging Brejo Seco'!AR65,Relleno,3,FALSE) -> 4 | BA65: =+SUM(AV65:AZ65) -> 20 | BB65: =ROUND(-0.0002*POWER(V65,2)+0.2197*V65,0) -> 8 | BC65: =VLOOKUP(AM65,Leyenda!$B$4:$D$10,3,FALSE) -> 7 | BD65: =IF(Z65="",ROUND((IF(Z65<=400,1.5478*POWER(Z65,0.3351),-2*POWER(10,-6)*POWER(Z65,2)+0.0091*Z65+8.1704)),0),ROUND((IF(Z65<=400,1.5478*POWER(Z65,0.3351),-2*POWER(10,-6)*POWER(Z65,2)+0.0091*Z65+8.1704)),0)) -> 7 | BE65: =+BA65 -> 20 | BF65: =VLOOKUP(AS65,Leyenda!$B$70:$D$75,3,FALSE) -> 15 | BG65: =1.5*BA65+(V65*0.5) -> 50 | BH65: =VLOOKUP(AM65,Leyenda!$B$4:$E$10,4,FALSE) -> 7 | BI65: =IF(Z65="",ROUND(IF(Z65<=50,5,IF(Z65>=3000,30,6.038*LN(Z65)-19.63)),0),ROUND(IF(Z65<=50,5,IF(Z65>=3000,30,6.038*LN(Z65)-19.63)),0)) -> 6 | BJ65: =ROUND(-0.0002*POWER(V65,2)+0.2197*V65,0) -> 8 | BK65: =+VLOOKUP('2. Logging Brejo Seco'!AP65,Leyenda!$B$47:$E$51,4,FALSE) -> 3 | BL65: =+VLOOKUP('2. Logging Brejo Seco'!AQ65,Leyenda!$B$55:$E$59,4,FALSE) -> 4 | BM65: =+VLOOKUP('2. Logging Brejo Seco'!AR65,Leyenda!$B$63:$E$67,3,FALSE) -> 4 | BN65: =+VLOOKUP('2. Logging Brejo Seco'!AO65,Leyenda!$B$39:$E$43,4,FALSE) -> 4 | BO65: =+VLOOKUP('2. Logging Brejo Seco'!AN65,Leyenda!$B$30:$E$34,4,FALSE) -> 4 | BP65: =VLOOKUP(AS65,Leyenda!$B$71:$E$75,4,FALSE) -> 10 | BQ65: =+BH65+BI65+BJ65+BK65+BL65+BM65+BN65+BO65+BP65 -> 50 | BR65: =+BC65+BD65+BB65+BE65+BF65 -> 57 | BS65: =1-N65 -> 0.06
A66: Brejo Seco | B66: 2024 | C66: PNM | D66: GEOTEC-01 | E66: 10 | F66: 10 | G66: P023_BedRock | H66: =+F66 -> 10 | J66: Rocha sá, serpentinito, bege rossa, pouco alterado | K66: =+L65 -> 34.85 | L66: 35.35 | M66: =+L66-K66 -> 0.5 | N66: 1 | O66: =1-N66 -> 0 | P66: =+M66*N66 -> 0.5 | Q66: =+N66*M66 -> 0.5 | R66: 25 | S66: 20 | T66: 0.49 | U66: 0 | V66: =+U66/M66*100 -> 0 | W66: 10 | Y66: =+W66+X66 -> 10 | Z66: =+IF(T66=0,"",(T66*1000)/Y66) -> 49 | AA66: 0 | AB66: A4 | AC66: F5 | AD66: C5 | AE66: 20 | AF66: 25 | AG66: R3 | AH66: =+AG66 -> R3 | AI66: =+VLOOKUP(AH66,Leyenda!$O$4:$U$10,6,FALSE) -> 0,35-0,50 | AJ66: =+VLOOKUP(AH66,Leyenda!$O$4:$U$10,7,FALSE) -> Easy to blast | AK66: =+VLOOKUP(AJ66,Leyenda!$U$4:$V$10,2,FALSE) -> 3 | AL66: R3 | AM66: =+AH66 -> R3 | AN66: P3 | AO66: W2 | AP66: A2 | AQ66: G3 | AR66: F2 | AS66: Seco | AV66: =+VLOOKUP(AN66,Leyenda!$B$30:$E$34,3,FALSE) -> 2 | AW66: =+VLOOKUP('2. Logging Brejo Seco'!AO66,Meteorizacion,3,FALSE) -> 3 | AX66: =+VLOOKUP('2. Logging Brejo Seco'!AP66,Apertura,3,FALSE) -> 3 | AY66: =+VLOOKUP('2. Logging Brejo Seco'!AQ66,Leyenda!$B$55:$D$59,3,FALSE) -> 3 | AZ66: =+VLOOKUP('2. Logging Brejo Seco'!AR66,Relleno,3,FALSE) -> 2 | BA66: =+SUM(AV66:AZ66) -> 13 | BB66: =ROUND(-0.0002*POWER(V66,2)+0.2197*V66,0) -> 0 | BC66: =VLOOKUP(AM66,Leyenda!$B$4:$D$10,3,FALSE) -> 4 | BD66: =IF(Z66="",ROUND((IF(Z66<=400,1.5478*POWER(Z66,0.3351),-2*POWER(10,-6)*POWER(Z66,2)+0.0091*Z66+8.1704)),0),ROUND((IF(Z66<=400,1.5478*POWER(Z66,0.3351),-2*POWER(10,-6)*POWER(Z66,2)+0.0091*Z66+8.1704)),0)) -> 6 | BE66: =+BA66 -> 13 | BF66: =VLOOKUP(AS66,Leyenda!$B$70:$D$75,3,FALSE) -> 15 | BG66: =1.5*BA66+(V66*0.5) -> 19.5 | BH66: =VLOOKUP(AM66,Leyenda!$B$4:$E$10,4,FALSE) -> 4 | BI66: =IF(Z66="",ROUND(IF(Z66<=50,5,IF(Z66>=3000,30,6.038*LN(Z66)-19.63)),0),ROUND(IF(Z66<=50,5,IF(Z66>=3000,30,6.038*LN(Z66)-19.63)),0)) -> 5 | BJ66: =ROUND(-0.0002*POWER(V66,2)+0.2197*V66,0) -> 0 | BK66: =+VLOOKUP('2. Logging Brejo Seco'!AP66,Leyenda!$B$47:$E$51,4,FALSE) -> 3 | BL66: =+VLOOKUP('2. Logging Brejo Seco'!AQ66,Leyenda!$B$55:$E$59,4,FALSE) -> 3 | BM66: =+VLOOKUP('2. Logging Brejo Seco'!AR66,Leyenda!$B$63:$E$67,3,FALSE) -> 2 | BN66: =+VLOOKUP('2. Logging Brejo Seco'!AO66,Leyenda!$B$39:$E$43,4,FALSE) -> 3 | BO66: =+VLOOKUP('2. Logging Brejo Seco'!AN66,Leyenda!$B$30:$E$34,4,FALSE) -> 3 | BP66: =VLOOKUP(AS66,Leyenda!$B$71:$E$75,4,FALSE) -> 10 | BQ66: =+BH66+BI66+BJ66+BK66+BL66+BM66+BN66+BO66+BP66 -> 33 | BR66: =+BC66+BD66+BB66+BE66+BF66 -> 38 | BS66: =1-N66 -> 0
A67: Brejo Seco | B67: 2024 | C67: PNM | D67: GEOTEC-01 | E67: 10 | F67: 10 | G67: P023_BedRock | H67: =+F67 -> 10 | J67: Rocha sá, serpentinito, bege rossa, pouco alterado | K67: =+L66 -> 35.35 | L67: 35.85 | M67: =+L67-K67 -> 0.5 | N67: 1 | O67: =1-N67 -> 0 | P67: =+M67*N67 -> 0.5 | Q67: =+N67*M67 -> 0.5 | R67: 100 | S67: 5 | T67: 0.5 | U67: 0.29 | V67: =+U67/M67*100 -> 58 | W67: 4 | Y67: =+W67+X67 -> 4 | Z67: =+IF(T67=0,"",(T67*1000)/Y67) -> 125 | AA67: 40 | AB67: A3 | AC67: F2 | AD67: C3 | AE67: 5 | AF67: 100 | AG67: R3 | AH67: =+AG67 -> R3 | AI67: =+VLOOKUP(AH67,Leyenda!$O$4:$U$10,6,FALSE) -> 0,35-0,50 | AJ67: =+VLOOKUP(AH67,Leyenda!$O$4:$U$10,7,FALSE) -> Easy to blast | AK67: =+VLOOKUP(AJ67,Leyenda!$U$4:$V$10,2,FALSE) -> 3 | AL67: R3 | AM67: =+AH67 -> R3 | AN67: P3 | AO67: W2 | AP67: A2 | AQ67: G3 | AR67: F3 | AS67: Seco | AV67: =+VLOOKUP(AN67,Leyenda!$B$30:$E$34,3,FALSE) -> 2 | AW67: =+VLOOKUP('2. Logging Brejo Seco'!AO67,Meteorizacion,3,FALSE) -> 3 | AX67: =+VLOOKUP('2. Logging Brejo Seco'!AP67,Apertura,3,FALSE) -> 3 | AY67: =+VLOOKUP('2. Logging Brejo Seco'!AQ67,Leyenda!$B$55:$D$59,3,FALSE) -> 3 | AZ67: =+VLOOKUP('2. Logging Brejo Seco'!AR67,Relleno,3,FALSE) -> 2 | BA67: =+SUM(AV67:AZ67) -> 13 | BB67: =ROUND(-0.0002*POWER(V67,2)+0.2197*V67,0) -> 12 | BC67: =VLOOKUP(AM67,Leyenda!$B$4:$D$10,3,FALSE) -> 4 | BD67: =IF(Z67="",ROUND((IF(Z67<=400,1.5478*POWER(Z67,0.3351),-2*POWER(10,-6)*POWER(Z67,2)+0.0091*Z67+8.1704)),0),ROUND((IF(Z67<=400,1.5478*POWER(Z67,0.3351),-2*POWER(10,-6)*POWER(Z67,2)+0.0091*Z67+8.1704)),0)) -> 8 | BE67: =+BA67 -> 13 | BF67: =VLOOKUP(AS67,Leyenda!$B$70:$D$75,3,FALSE) -> 15 | BG67: =1.5*BA67+(V67*0.5) -> 48.5 | BH67: =VLOOKUP(AM67,Leyenda!$B$4:$E$10,4,FALSE) -> 4 | BI67: =IF(Z67="",ROUND(IF(Z67<=50,5,IF(Z67>=3000,30,6.038*LN(Z67)-19.63)),0),ROUND(IF(Z67<=50,5,IF(Z67>=3000,30,6.038*LN(Z67)-19.63)),0)) -> 10 | BJ67: =ROUND(-0.0002*POWER(V67,2)+0.2197*V67,0) -> 12 | BK67: =+VLOOKUP('2. Logging Brejo Seco'!AP67,Leyenda!$B$47:$E$51,4,FALSE) -> 3 | BL67: =+VLOOKUP('2. Logging Brejo Seco'!AQ67,Leyenda!$B$55:$E$59,4,FALSE) -> 3 | BM67: =+VLOOKUP('2. Logging Brejo Seco'!AR67,Leyenda!$B$63:$E$67,3,FALSE) -> 2 | BN67: =+VLOOKUP('2. Logging Brejo Seco'!AO67,Leyenda!$B$39:$E$43,4,FALSE) -> 3 | BO67: =+VLOOKUP('2. Logging Brejo Seco'!AN67,Leyenda!$B$30:$E$34,4,FALSE) -> 3 | BP67: =VLOOKUP(AS67,Leyenda!$B$71:$E$75,4,FALSE) -> 10 | BQ67: =+BH67+BI67+BJ67+BK67+BL67+BM67+BN67+BO67+BP67 -> 50 | BR67: =+BC67+BD67+BB67+BE67+BF67 -> 52 | BS67: =1-N67 -> 0
A68: Brejo Seco | B68: 2024 | C68: PNM | D68: GEOTEC-01 | E68: 10 | F68: 10 | G68: P023_BedRock | H68: =+F68 -> 10 | J68: Rocha sá, serpentinito, bege rossa, pouco alterado | K68: =+L67 -> 35.85 | L68: 36.35 | M68: =+L68-K68 -> 0.5 | N68: 1 | O68: =1-N68 -> 0 | P68: =+M68*N68 -> 0.5 | Q68: =+N68*M68 -> 0.5 | R68: 25 | S68: 20 | T68: 0.44 | U68: 0.18 | V68: =+U68/M68*100 -> 36 | W68: 3 | Y68: =+W68+X68 -> 3 | Z68: =+IF(T68=0,"",(T68*1000)/Y68) -> 146.66667 | AA68: 0 | AB68: A2 | AC68: F5 | AD68: C2 | AE68: 20 | AF68: 25 | AG68: R3 | AH68: =+AG68 -> R3 | AI68: =+VLOOKUP(AH68,Leyenda!$O$4:$U$10,6,FALSE) -> 0,35-0,50 | AJ68: =+VLOOKUP(AH68,Leyenda!$O$4:$U$10,7,FALSE) -> Easy to blast | AK68: =+VLOOKUP(AJ68,Leyenda!$U$4:$V$10,2,FALSE) -> 3 | AL68: R3 | AM68: =+AH68 -> R3 | AN68: P3 | AO68: W2 | AP68: A2 | AQ68: G3 | AR68: F2 | AS68: Seco | AV68: =+VLOOKUP(AN68,Leyenda!$B$30:$E$34,3,FALSE) -> 2 | AW68: =+VLOOKUP('2. Logging Brejo Seco'!AO68,Meteorizacion,3,FALSE) -> 3 | AX68: =+VLOOKUP('2. Logging Brejo Seco'!AP68,Apertura,3,FALSE) -> 3 | AY68: =+VLOOKUP('2. Logging Brejo Seco'!AQ68,Leyenda!$B$55:$D$59,3,FALSE) -> 3 | AZ68: =+VLOOKUP('2. Logging Brejo Seco'!AR68,Relleno,3,FALSE) -> 2 | BA68: =+SUM(AV68:AZ68) -> 13 | BB68: =ROUND(-0.0002*POWER(V68,2)+0.2197*V68,0) -> 8 | BC68: =VLOOKUP(AM68,Leyenda!$B$4:$D$10,3,FALSE) -> 4 | BD68: =IF(Z68="",ROUND((IF(Z68<=400,1.5478*POWER(Z68,0.3351),-2*POWER(10,-6)*POWER(Z68,2)+0.0091*Z68+8.1704)),0),ROUND((IF(Z68<=400,1.5478*POWER(Z68,0.3351),-2*POWER(10,-6)*POWER(Z68,2)+0.0091*Z68+8.1704)),0)) -> 8 | BE68: =+BA68 -> 13 | BF68: =VLOOKUP(AS68,Leyenda!$B$70:$D$75,3,FALSE) -> 15 | BG68: =1.5*BA68+(V68*0.5) -> 37.5 | BH68: =VLOOKUP(AM68,Leyenda!$B$4:$E$10,4,FALSE) -> 4 | BI68: =IF(Z68="",ROUND(IF(Z68<=50,5,IF(Z68>=3000,30,6.038*LN(Z68)-19.63)),0),ROUND(IF(Z68<=50,5,IF(Z68>=3000,30,6.038*LN(Z68)-19.63)),0)) -> 10 | BJ68: =ROUND(-0.0002*POWER(V68,2)+0.2197*V68,0) -> 8 | BK68: =+VLOOKUP('2. Logging Brejo Seco'!AP68,Leyenda!$B$47:$E$51,4,FALSE) -> 3 | BL68: =+VLOOKUP('2. Logging Brejo Seco'!AQ68,Leyenda!$B$55:$E$59,4,FALSE) -> 3 | BM68: =+VLOOKUP('2. Logging Brejo Seco'!AR68,Leyenda!$B$63:$E$67,3,FALSE) -> 2 | BN68: =+VLOOKUP('2. Logging Brejo Seco'!AO68,Leyenda!$B$39:$E$43,4,FALSE) -> 3 | BO68: =+VLOOKUP('2. Logging Brejo Seco'!AN68,Leyenda!$B$30:$E$34,4,FALSE) -> 3 | BP68: =VLOOKUP(AS68,Leyenda!$B$71:$E$75,4,FALSE) -> 10 | BQ68: =+BH68+BI68+BJ68+BK68+BL68+BM68+BN68+BO68+BP68 -> 46 | BR68: =+BC68+BD68+BB68+BE68+BF68 -> 48 | BS68: =1-N68 -> 0
... A73: Brejo Seco | B73: 2024 | C73: PNM | D73: GEOTEC-01 | E73: 10 | F73: 10 | G73: P023_BedRock | H73: =+F73 -> 10 | J73: Rocha sá, serpentinito, bege rossa, pouco alterado | K73: =+L72 -> 38.65 | L73: 39.15 | M73: =+L73-K73 -> 0.5 | N73: 1 | O73: =1-N73 -> 0 | P73: =+M73*N73 -> 0.5 | Q73: =+N73*M73 -> 0.5 | R73: 500 | S73: 1 | T73: 0.49 | U73: 0 | V73: =+U73/M73*100 -> 0 | W73: 15 | Y73: =+W73+X73 -> 15 | Z73: =+IF(T73=0,"",(T73*1000)/Y73) -> 32.666667 | AA73: 54 | AB73: A3 | AC73: F1 | AD73: C3 | AE73: 1 | AF73: 500 | AG73: R2 | AH73: =+AG73 -> R2 | AI73: =+VLOOKUP(AH73,Leyenda!$O$4:$U$10,6,FALSE) -> 0,25-0,35 | AJ73: =+VLOOKUP(AH73,Leyenda!$O$4:$U$10,7,FALSE) -> No Blasting need | AK73: =+VLOOKUP(AJ73,Leyenda!$U$4:$V$10,2,FALSE) -> 2 | AL73: R0 | AM73: =+AH73 -> R2 | AN73: P5 | AO73: W3 | AP73: A4 | AQ73: G4 | AR73: F4 | AS73: Seco | AV73: =+VLOOKUP(AN73,Leyenda!$B$30:$E$34,3,FALSE) -> 0 | AW73: =+VLOOKUP('2. Logging Brejo Seco'!AO73,Meteorizacion,3,FALSE) -> 1 | AX73: =+VLOOKUP('2. Logging Brejo Seco'!AP73,Apertura,3,FALSE) -> 0 | AY73: =+VLOOKUP('2. Logging Brejo Seco'!AQ73,Leyenda!$B$55:$D$59,3,FALSE) -> 1 | AZ73: =+VLOOKUP('2. Logging Brejo Seco'!AR73,Relleno,3,FALSE) -> 0 | BA73: =+SUM(AV73:AZ73) -> 2 | BB73: =ROUND(-0.0002*POWER(V73,2)+0.2197*V73,0) -> 0 | BC73: =VLOOKUP(AM73,Leyenda!$B$4:$D$10,3,FALSE) -> 2 | BD73: =IF(Z73="",ROUND((IF(Z73<=400,1.5478*POWER(Z73,0.3351),-2*POWER(10,-6)*POWER(Z73,2)+0.0091*Z73+8.1704)),0),ROUND((IF(Z73<=400,1.5478*POWER(Z73,0.3351),-2*POWER(10,-6)*POWER(Z73,2)+0.0091*Z73+8.1704)),0)) -> 5 | BE73: =+BA73 -> 2 | BF73: =VLOOKUP(AS73,Leyenda!$B$70:$D$75,3,FALSE) -> 15 | BG73: =1.5*BA73+(V73*0.5) -> 3 | BH73: =VLOOKUP(AM73,Leyenda!$B$4:$E$10,4,FALSE) -> 2 | BI73: =IF(Z73="",ROUND(IF(Z73<=50,5,IF(Z73>=3000,30,6.038*LN(Z73)-19.63)),0),ROUND(IF(Z73<=50,5,IF(Z73>=3000,30,6.038*LN(Z73)-19.63)),0)) -> 5 | BJ73: =ROUND(-0.0002*POWER(V73,2)+0.2197*V73,0) -> 0 | BK73: =+VLOOKUP('2. Logging Brejo Seco'!AP73,Leyenda!$B$47:$E$51,4,FALSE) -> 0 | BL73: =+VLOOKUP('2. Logging Brejo Seco'!AQ73,Leyenda!$B$55:$E$59,4,FALSE) -> 1 | BM73: =+VLOOKUP('2. Logging Brejo Seco'!AR73,Leyenda!$B$63:$E$67,3,FALSE) -> 0 | BN73: =+VLOOKUP('2. Logging Brejo Seco'!AO73,Leyenda!$B$39:$E$43,4,FALSE) -> 1 | BO73: =+VLOOKUP('2. Logging Brejo Seco'!AN73,Leyenda!$B$30:$E$34,4,FALSE) -> 0 | BP73: =VLOOKUP(AS73,Leyenda!$B$71:$E$75,4,FALSE) -> 10 | BQ73: =+BH73+BI73+BJ73+BK73+BL73+BM73+BN73+BO73+BP73 -> 19 | BR73: =+BC73+BD73+BB73+BE73+BF73 -> 24 | BS73: =1-N73 -> 0
A74: Brejo Seco | B74: 2024 | C74: PNM | D74: GEOTEC-01 | E74: 10 | F74: 10 | G74: P023_BedRock | H74: =+F74 -> 10 | J74: Rocha sá, serpentinito, bege rossa, pouco alterado | K74: =+L73 -> 39.15 | L74: 39.75 | M74: =+L74-K74 -> 0.6 | N74: 0.81 | O74: =1-N74 -> 0.19 | P74: =+M74*N74 -> 0.486 | Q74: =+N74*M74 -> 0.486 | R74: 48.6 | S74: 10 | T74: 0.45 | U74: 0.24 | V74: =+U74/M74*100 -> 40 | W74: 3 | Y74: =+W74+X74 -> 3 | Z74: =+IF(T74=0,"",(T74*1000)/Y74) -> 150 | AA74: 33 | AB74: A3 | AC74: F3 | AD74: C3 | AE74: 10 | AF74: 48.6 | AG74: R3 | AH74: =+AG74 -> R3 | AI74: =+VLOOKUP(AH74,Leyenda!$O$4:$U$10,6,FALSE) -> 0,35-0,50 | AJ74: =+VLOOKUP(AH74,Leyenda!$O$4:$U$10,7,FALSE) -> Easy to blast | AK74: =+VLOOKUP(AJ74,Leyenda!$U$4:$V$10,2,FALSE) -> 3 | AL74: R3 | AM74: =+AH74 -> R3 | AN74: P3 | AO74: W3 | AP74: A3 | AQ74: G3 | AR74: F2 | AS74: Seco | AT74: Amostra de laboratorio | AV74: =+VLOOKUP(AN74,Leyenda!$B$30:$E$34,3,FALSE) -> 2 | AW74: =+VLOOKUP('2. Logging Brejo Seco'!AO74,Meteorizacion,3,FALSE) -> 1 | AX74: =+VLOOKUP('2. Logging Brejo Seco'!AP74,Apertura,3,FALSE) -> 1 | AY74: =+VLOOKUP('2. Logging Brejo Seco'!AQ74,Leyenda!$B$55:$D$59,3,FALSE) -> 3 | AZ74: =+VLOOKUP('2. Logging Brejo Seco'!AR74,Relleno,3,FALSE) -> 2 | BA74: =+SUM(AV74:AZ74) -> 9 | BB74: =ROUND(-0.0002*POWER(V74,2)+0.2197*V74,0) -> 8 | BC74: =VLOOKUP(AM74,Leyenda!$B$4:$D$10,3,FALSE) -> 4 | BD74: =IF(Z74="",ROUND((IF(Z74<=400,1.5478*POWER(Z74,0.3351),-2*POWER(10,-6)*POWER(Z74,2)+0.0091*Z74+8.1704)),0),ROUND((IF(Z74<=400,1.5478*POWER(Z74,0.3351),-2*POWER(10,-6)*POWER(Z74,2)+0.0091*Z74+8.1704)),0)) -> 8 | BE74: =+BA74 -> 9 | BF74: =VLOOKUP(AS74,Leyenda!$B$70:$D$75,3,FALSE) -> 15 | BG74: =1.5*BA74+(V74*0.5) -> 33.5 | BH74: =VLOOKUP(AM74,Leyenda!$B$4:$E$10,4,FALSE) -> 4 | BI74: =IF(Z74="",ROUND(IF(Z74<=50,5,IF(Z74>=3000,30,6.038*LN(Z74)-19.63)),0),ROUND(IF(Z74<=50,5,IF(Z74>=3000,30,6.038*LN(Z74)-19.63)),0)) -> 11 | BJ74: =ROUND(-0.0002*POWER(V74,2)+0.2197*V74,0) -> 8 | BK74: =+VLOOKUP('2. Logging Brejo Seco'!AP74,Leyenda!$B$47:$E$51,4,FALSE) -> 1 | BL74: =+VLOOKUP('2. Logging Brejo Seco'!AQ74,Leyenda!$B$55:$E$59,4,FALSE) -> 3 | BM74: =+VLOOKUP('2. Logging Brejo Seco'!AR74,Leyenda!$B$63:$E$67,3,FALSE) -> 2 | BN74: =+VLOOKUP('2. Logging Brejo Seco'!AO74,Leyenda!$B$39:$E$43,4,FALSE) -> 1 | BO74: =+VLOOKUP('2. Logging Brejo Seco'!AN74,Leyenda!$B$30:$E$34,4,FALSE) -> 3 | BP74: =VLOOKUP(AS74,Leyenda!$B$71:$E$75,4,FALSE) -> 10 | BQ74: =+BH74+BI74+BJ74+BK74+BL74+BM74+BN74+BO74+BP74 -> 43 | BR74: =+BC74+BD74+BB74+BE74+BF74 -> 44 | BS74: =1-N74 -> 0.19
A75: Brejo Seco | B75: 2024 | C75: PNM | D75: GEOTEC-01 | E75: 10 | F75: 10 | G75: P023_BedRock | H75: =+F75 -> 10 | J75: Rocha sá, serpentinito, bege rossa, pouco alterado | K75: =+L74 -> 39.75 | L75: 40 | M75: =+L75-K75 -> 0.25 | N75: 0.91 | O75: =1-N75 -> 0.09 | P75: =+M75*N75 -> 0.2275 | Q75: =+N75*M75 -> 0.2275 | R75: 22.75 | S75: 10 | T75: 0.38 | U75: 0.14 | V75: =+U75/M75*100 -> 56 | W75: 3 | Y75: =+W75+X75 -> 3 | Z75: =+IF(T75=0,"",(T75*1000)/Y75) -> 126.66667 | AA75: 52 | AB75: A3 | AC75: F3 | AD75: C3 | AE75: 10 | AF75: 22.75 | AG75: R3 | AH75: =+AG75 -> R3 | AI75: =+VLOOKUP(AH75,Leyenda!$O$4:$U$10,6,FALSE) -> 0,35-0,50 | AJ75: =+VLOOKUP(AH75,Leyenda!$O$4:$U$10,7,FALSE) -> Easy to blast | AK75: =+VLOOKUP(AJ75,Leyenda!$U$4:$V$10,2,FALSE) -> 3 | AL75: R3 | AM75: =+AH75 -> R3 | AN75: P3 | AO75: W2 | AP75: A2 | AQ75: G3 | AR75: F2 | AS75: Seco | AT75: Preenchimento duro | AV75: =+VLOOKUP(AN75,Leyenda!$B$30:$E$34,3,FALSE) -> 2 | AW75: =+VLOOKUP('2. Logging Brejo Seco'!AO75,Meteorizacion,3,FALSE) -> 3 | AX75: =+VLOOKUP('2. Logging Brejo Seco'!AP75,Apertura,3,FALSE) -> 3 | AY75: =+VLOOKUP('2. Logging Brejo Seco'!AQ75,Leyenda!$B$55:$D$59,3,FALSE) -> 3 | AZ75: =+VLOOKUP('2. Logging Brejo Seco'!AR75,Relleno,3,FALSE) -> 2 | BA75: =+SUM(AV75:AZ75) -> 13 | BB75: =ROUND(-0.0002*POWER(V75,2)+0.2197*V75,0) -> 12 | BC75: =VLOOKUP(AM75,Leyenda!$B$4:$D$10,3,FALSE) -> 4 | BD75: =IF(Z75="",ROUND((IF(Z75<=400,1.5478*POWER(Z75,0.3351),-2*POWER(10,-6)*POWER(Z75,2)+0.0091*Z75+8.1704)),0),ROUND((IF(Z75<=400,1.5478*POWER(Z75,0.3351),-2*POWER(10,-6)*POWER(Z75,2)+0.0091*Z75+8.1704)),0)) -> 8 | BE75: =+BA75 -> 13 | BF75: =VLOOKUP(AS75,Leyenda!$B$70:$D$75,3,FALSE) -> 15 | BG75: =1.5*BA75+(V75*0.5) -> 47.5 | BH75: =VLOOKUP(AM75,Leyenda!$B$4:$E$10,4,FALSE) -> 4 | BI75: =IF(Z75="",ROUND(IF(Z75<=50,5,IF(Z75>=3000,30,6.038*LN(Z75)-19.63)),0),ROUND(IF(Z75<=50,5,IF(Z75>=3000,30,6.038*LN(Z75)-19.63)),0)) -> 10 | BJ75: =ROUND(-0.0002*POWER(V75,2)+0.2197*V75,0) -> 12 | BK75: =+VLOOKUP('2. Logging Brejo Seco'!AP75,Leyenda!$B$47:$E$51,4,FALSE) -> 3 | BL75: =+VLOOKUP('2. Logging Brejo Seco'!AQ75,Leyenda!$B$55:$E$59,4,FALSE) -> 3 | BM75: =+VLOOKUP('2. Logging Brejo Seco'!AR75,Leyenda!$B$63:$E$67,3,FALSE) -> 2 | BN75: =+VLOOKUP('2. Logging Brejo Seco'!AO75,Leyenda!$B$39:$E$43,4,FALSE) -> 3 | BO75: =+VLOOKUP('2. Logging Brejo Seco'!AN75,Leyenda!$B$30:$E$34,4,FALSE) -> 3 | BP75: =VLOOKUP(AS75,Leyenda!$B$71:$E$75,4,FALSE) -> 10 | BQ75: =+BH75+BI75+BJ75+BK75+BL75+BM75+BN75+BO75+BP75 -> 50 | BR75: =+BC75+BD75+BB75+BE75+BF75 -> 52 | BS75: =1-N75 -> 0.09
A76: Brejo Seco | B76: 2024 | C76: PNM | D76: GEOTEC-01 | E76: 10 | F76: 10 | G76: P023_BedRock | H76: =+F76 -> 10 | J76: Rocha sá, serpentinito, bege rossa, pouco alterado | K76: =+L75 -> 40 | L76: 40.45 | M76: =+L76-K76 -> 0.45 | N76: 0.91 | O76: =1-N76 -> 0.09 | P76: =+M76*N76 -> 0.4095 | Q76: =+N76*M76 -> 0.4095 | R76: 40.95 | S76: 10 | T76: 0.23 | U76: 0 | V76: =+U76/M76*100 -> 0 | W76: 5 | Y76: =+W76+X76 -> 5 | Z76: =+IF(T76=0,"",(T76*1000)/Y76) -> 46 | AA76: 52 | AB76: A3 | AC76: F3 | AD76: C3 | AE76: 10 | AF76: 40.95 | AG76: R3 | AH76: =+AG76 -> R3 | AI76: =+VLOOKUP(AH76,Leyenda!$O$4:$U$10,6,FALSE) -> 0,35-0,50 | AJ76: =+VLOOKUP(AH76,Leyenda!$O$4:$U$10,7,FALSE) -> Easy to blast | AK76: =+VLOOKUP(AJ76,Leyenda!$U$4:$V$10,2,FALSE) -> 3 | AL76: R3 | AM76: =+AH76 -> R3 | AN76: P3 | AO76: W2 | AP76: A2 | AQ76: G3 | AR76: F1 | AS76: Seco | AV76: =+VLOOKUP(AN76,Leyenda!$B$30:$E$34,3,FALSE) -> 2 | AW76: =+VLOOKUP('2. Logging Brejo Seco'!AO76,Meteorizacion,3,FALSE) -> 3 | AX76: =+VLOOKUP('2. Logging Brejo Seco'!AP76,Apertura,3,FALSE) -> 3 | AY76: =+VLOOKUP('2. Logging Brejo Seco'!AQ76,Leyenda!$B$55:$D$59,3,FALSE) -> 3 | AZ76: =+VLOOKUP('2. Logging Brejo Seco'!AR76,Relleno,3,FALSE) -> 4 | BA76: =+SUM(AV76:AZ76) -> 15 | BB76: =ROUND(-0.0002*POWER(V76,2)+0.2197*V76,0) -> 0 | BC76: =VLOOKUP(AM76,Leyenda!$B$4:$D$10,3,FALSE) -> 4 | BD76: =IF(Z76="",ROUND((IF(Z76<=400,1.5478*POWER(Z76,0.3351),-2*POWER(10,-6)*POWER(Z76,2)+0.0091*Z76+8.1704)),0),ROUND((IF(Z76<=400,1.5478*POWER(Z76,0.3351),-2*POWER(10,-6)*POWER(Z76,2)+0.0091*Z76+8.1704)),0)) -> 6 | BE76: =+BA76 -> 15 | BF76: =VLOOKUP(AS76,Leyenda!$B$70:$D$75,3,FALSE) -> 15 | BG76: =1.5*BA76+(V76*0.5) -> 22.5 | BH76: =VLOOKUP(AM76,Leyenda!$B$4:$E$10,4,FALSE) -> 4 | BI76: =IF(Z76="",ROUND(IF(Z76<=50,5,IF(Z76>=3000,30,6.038*LN(Z76)-19.63)),0),ROUND(IF(Z76<=50,5,IF(Z76>=3000,30,6.038*LN(Z76)-19.63)),0)) -> 5 | BJ76: =ROUND(-0.0002*POWER(V76,2)+0.2197*V76,0) -> 0 | BK76: =+VLOOKUP('2. Logging Brejo Seco'!AP76,Leyenda!$B$47:$E$51,4,FALSE) -> 3 | BL76: =+VLOOKUP('2. Logging Brejo Seco'!AQ76,Leyenda!$B$55:$E$59,4,FALSE) -> 3 | BM76: =+VLOOKUP('2. Logging Brejo Seco'!AR76,Leyenda!$B$63:$E$67,3,FALSE) -> 4 | BN76: =+VLOOKUP('2. Logging Brejo Seco'!AO76,Leyenda!$B$39:$E$43,4,FALSE) -> 3 | BO76: =+VLOOKUP('2. Logging Brejo Seco'!AN76,Leyenda!$B$30:$E$34,4,FALSE) -> 3 | BP76: =VLOOKUP(AS76,Leyenda!$B$71:$E$75,4,FALSE) -> 10 | BQ76: =+BH76+BI76+BJ76+BK76+BL76+BM76+BN76+BO76+BP76 -> 35 | BR76: =+BC76+BD76+BB76+BE76+BF76 -> 40 | BS76: =1-N76 -> 0.09
A77: Brejo Seco | B77: 2024 | C77: PNM | D77: GEOTEC-01 | E77: 10 | F77: 10 | G77: P023_BedRock | H77: =+F77 -> 10 | J77: Rocha sá, serpentinito, bege rossa, pouco alterado | K77: =+L76 -> 40.45 | L77: 41.25 | M77: =+L77-K77 -> 0.8 | N77: 1 | O77: =1-N77 -> 0 | P77: =+M77*N77 -> 0.8 | Q77: =+N77*M77 -> 0.8 | R77: 160 | S77: 5 | T77: 0.76 | U77: 0.38 | V77: =+U77/M77*100 -> 47.5 | W77: 6 | Y77: =+W77+X77 -> 6 | Z77: =+IF(T77=0,"",(T77*1000)/Y77) -> 126.66667 | AA77: 20 | AB77: A3 | AC77: F2 | AD77: C3 | AE77: 5 | AF77: 160 | AG77: R3 | AH77: =+AG77 -> R3 | AI77: =+VLOOKUP(AH77,Leyenda!$O$4:$U$10,6,FALSE) -> 0,35-0,50 | AJ77: =+VLOOKUP(AH77,Leyenda!$O$4:$U$10,7,FALSE) -> Easy to blast | AK77: =+VLOOKUP(AJ77,Leyenda!$U$4:$V$10,2,FALSE) -> 3 | AL77: R3 | AM77: =+AH77 -> R3 | AN77: P3 | AO77: W3 | AP77: A2 | AQ77: G4 | AR77: F3 | AS77: Seco | AT77: Amostra de laboratorio | AV77: =+VLOOKUP(AN77,Leyenda!$B$30:$E$34,3,FALSE) -> 2 | AW77: =+VLOOKUP('2. Logging Brejo Seco'!AO77,Meteorizacion,3,FALSE) -> 1 | AX77: =+VLOOKUP('2. Logging Brejo Seco'!AP77,Apertura,3,FALSE) -> 3 | AY77: =+VLOOKUP('2. Logging Brejo Seco'!AQ77,Leyenda!$B$55:$D$59,3,FALSE) -> 1 | AZ77: =+VLOOKUP('2. Logging Brejo Seco'!AR77,Relleno,3,FALSE) -> 2 | BA77: =+SUM(AV77:AZ77) -> 9 | BB77: =ROUND(-0.0002*POWER(V77,2)+0.2197*V77,0) -> 10 | BC77: =VLOOKUP(AM77,Leyenda!$B$4:$D$10,3,FALSE) -> 4 | BD77: =IF(Z77="",ROUND((IF(Z77<=400,1.5478*POWER(Z77,0.3351),-2*POWER(10,-6)*POWER(Z77,2)+0.0091*Z77+8.1704)),0),ROUND((IF(Z77<=400,1.5478*POWER(Z77,0.3351),-2*POWER(10,-6)*POWER(Z77,2)+0.0091*Z77+8.1704)),0)) -> 8 | BE77: =+BA77 -> 9 | BF77: =VLOOKUP(AS77,Leyenda!$B$70:$D$75,3,FALSE) -> 15 | BG77: =1.5*BA77+(V77*0.5) -> 37.25 | BH77: =VLOOKUP(AM77,Leyenda!$B$4:$E$10,4,FALSE) -> 4 | BI77: =IF(Z77="",ROUND(IF(Z77<=50,5,IF(Z77>=3000,30,6.038*LN(Z77)-19.63)),0),ROUND(IF(Z77<=50,5,IF(Z77>=3000,30,6.038*LN(Z77)-19.63)),0)) -> 10 | BJ77: =ROUND(-0.0002*POWER(V77,2)+0.2197*V77,0) -> 10 | BK77: =+VLOOKUP('2. Logging Brejo Seco'!AP77,Leyenda!$B$47:$E$51,4,FALSE) -> 3 | BL77: =+VLOOKUP('2. Logging Brejo Seco'!AQ77,Leyenda!$B$55:$E$59,4,FALSE) -> 1 | BM77: =+VLOOKUP('2. Logging Brejo Seco'!AR77,Leyenda!$B$63:$E$67,3,FALSE) -> 2 | BN77: =+VLOOKUP('2. Logging Brejo Seco'!AO77,Leyenda!$B$39:$E$43,4,FALSE) -> 1 | BO77: =+VLOOKUP('2. Logging Brejo Seco'!AN77,Leyenda!$B$30:$E$34,4,FALSE) -> 3 | BP77: =VLOOKUP(AS77,Leyenda!$B$71:$E$75,4,FALSE) -> 10 | BQ77: =+BH77+BI77+BJ77+BK77+BL77+BM77+BN77+BO77+BP77 -> 44 | BR77: =+BC77+BD77+BB77+BE77+BF77 -> 46 | BS77: =1-N77 -> 0
A78: Brejo Seco | B78: 2024 | C78: PNM | D78: GEOTEC-01 | E78: 10 | F78: 10 | G78: P023_BedRock | H78: =+F78 -> 10 | J78: Rocha sá, serpentinito, bege rossa, pouco alterado | K78: =+L77 -> 41.25 | L78: 41.85 | M78: =+L78-K78 -> 0.6 | N78: 1 | O78: =1-N78 -> 0 | P78: =+M78*N78 -> 0.6 | Q78: =+N78*M78 -> 0.6 | R78: 600 | S78: 1 | T78: 0.47 | U78: 0.19 | V78: =+U78/M78*100 -> 31.666667 | W78: 3 | Y78: =+W78+X78 -> 3 | Z78: =+IF(T78=0,"",(T78*1000)/Y78) -> 156.66667 | AA78: 32 | AB78: A3 | AC78: F1 | AD78: C3 | AE78: 1 | AF78: 600 | AG78: R2 | AH78: =+AG78 -> R2 | AI78: =+VLOOKUP(AH78,Leyenda!$O$4:$U$10,6,FALSE) -> 0,25-0,35 | AJ78: =+VLOOKUP(AH78,Leyenda!$O$4:$U$10,7,FALSE) -> No Blasting need | AK78: =+VLOOKUP(AJ78,Leyenda!$U$4:$V$10,2,FALSE) -> 2 | AL78: R2 | AM78: =+AH78 -> R2 | AN78: P3 | AO78: W2 | AP78: A2 | AQ78: G3 | AR78: F2 | AS78: Seco | AV78: =+VLOOKUP(AN78,Leyenda!$B$30:$E$34,3,FALSE) -> 2 | AW78: =+VLOOKUP('2. Logging Brejo Seco'!AO78,Meteorizacion,3,FALSE) -> 3 | AX78: =+VLOOKUP('2. Logging Brejo Seco'!AP78,Apertura,3,FALSE) -> 3 | AY78: =+VLOOKUP('2. Logging Brejo Seco'!AQ78,Leyenda!$B$55:$D$59,3,FALSE) -> 3 | AZ78: =+VLOOKUP('2. Logging Brejo Seco'!AR78,Relleno,3,FALSE) -> 2 | BA78: =+SUM(AV78:AZ78) -> 13 | BB78: =ROUND(-0.0002*POWER(V78,2)+0.2197*V78,0) -> 7 | BC78: =VLOOKUP(AM78,Leyenda!$B$4:$D$10,3,FALSE) -> 2 | BD78: =IF(Z78="",ROUND((IF(Z78<=400,1.5478*POWER(Z78,0.3351),-2*POWER(10,-6)*POWER(Z78,2)+0.0091*Z78+8.1704)),0),ROUND((IF(Z78<=400,1.5478*POWER(Z78,0.3351),-2*POWER(10,-6)*POWER(Z78,2)+0.0091*Z78+8.1704)),0)) -> 8 | BE78: =+BA78 -> 13 | BF78: =VLOOKUP(AS78,Leyenda!$B$70:$D$75,3,FALSE) -> 15 | BG78: =1.5*BA78+(V78*0.5) -> 35.333333 | BH78: =VLOOKUP(AM78,Leyenda!$B$4:$E$10,4,FALSE) -> 2 | BI78: =IF(Z78="",ROUND(IF(Z78<=50,5,IF(Z78>=3000,30,6.038*LN(Z78)-19.63)),0),ROUND(IF(Z78<=50,5,IF(Z78>=3000,30,6.038*LN(Z78)-19.63)),0)) -> 11 | BJ78: =ROUND(-0.0002*POWER(V78,2)+0.2197*V78,0) -> 7 | BK78: =+VLOOKUP('2. Logging Brejo Seco'!AP78,Leyenda!$B$47:$E$51,4,FALSE) -> 3 | BL78: =+VLOOKUP('2. Logging Brejo Seco'!AQ78,Leyenda!$B$55:$E$59,4,FALSE) -> 3 | BM78: =+VLOOKUP('2. Logging Brejo Seco'!AR78,Leyenda!$B$63:$E$67,3,FALSE) -> 2 | BN78: =+VLOOKUP('2. Logging Brejo Seco'!AO78,Leyenda!$B$39:$E$43,4,FALSE) -> 3 | BO78: =+VLOOKUP('2. Logging Brejo Seco'!AN78,Leyenda!$B$30:$E$34,4,FALSE) -> 3 | BP78: =VLOOKUP(AS78,Leyenda!$B$71:$E$75,4,FALSE) -> 10 | BQ78: =+BH78+BI78+BJ78+BK78+BL78+BM78+BN78+BO78+BP78 -> 44 | BR78: =+BC78+BD78+BB78+BE78+BF78 -> 45 | BS78: =1-N78 -> 0
A79: Brejo Seco | B79: 2024 | C79: PNM | D79: GEOTEC-01 | E79: 10 | F79: 10 | G79: P023_BedRock | H79: =+F79 -> 10 | J79: Rocha sá, serpentinito, bege rossa, pouco alterado | K79: =+L78 -> 41.85 | L79: 42.35 | M79: =+L79-K79 -> 0.5 | N79: 1 | O79: =1-N79 -> 0 | P79: =+M79*N79 -> 0.5 | Q79: =+N79*M79 -> 0.5 | R79: 500 | S79: 1 | T79: 0.43 | U79: 0.15 | V79: =+U79/M79*100 -> 30 | W79: 5 | Y79: =+W79+X79 -> 5 | Z79: =+IF(T79=0,"",(T79*1000)/Y79) -> 86 | AA79: 28 | AB79: A3 | AC79: F1 | AD79: C3 | AE79: 1 | AF79: 500 | AG79: R2 | AH79: =+AG79 -> R2 | AI79: =+VLOOKUP(AH79,Leyenda!$O$4:$U$10,6,FALSE) -> 0,25-0,35 | AJ79: =+VLOOKUP(AH79,Leyenda!$O$4:$U$10,7,FALSE) -> No Blasting need | AK79: =+VLOOKUP(AJ79,Leyenda!$U$4:$V$10,2,FALSE) -> 2 | AL79: R2 | AM79: =+AH79 -> R2 | AN79: P3 | AO79: W3 | AP79: A2 | AQ79: G4 | AR79: F2 | AS79: Seco | AV79: =+VLOOKUP(AN79,Leyenda!$B$30:$E$34,3,FALSE) -> 2 | AW79: =+VLOOKUP('2. Logging Brejo Seco'!AO79,Meteorizacion,3,FALSE) -> 1 | AX79: =+VLOOKUP('2. Logging Brejo Seco'!AP79,Apertura,3,FALSE) -> 3 | AY79: =+VLOOKUP('2. Logging Brejo Seco'!AQ79,Leyenda!$B$55:$D$59,3,FALSE) -> 1 | AZ79: =+VLOOKUP('2. Logging Brejo Seco'!AR79,Relleno,3,FALSE) -> 2 | BA79: =+SUM(AV79:AZ79) -> 9 | BB79: =ROUND(-0.0002*POWER(V79,2)+0.2197*V79,0) -> 6 | BC79: =VLOOKUP(AM79,Leyenda!$B$4:$D$10,3,FALSE) -> 2 | BD79: =IF(Z79="",ROUND((IF(Z79<=400,1.5478*POWER(Z79,0.3351),-2*POWER(10,-6)*POWER(Z79,2)+0.0091*Z79+8.1704)),0),ROUND((IF(Z79<=400,1.5478*POWER(Z79,0.3351),-2*POWER(10,-6)*POWER(Z79,2)+0.0091*Z79+8.1704)),0)) -> 7 | BE79: =+BA79 -> 9 | BF79: =VLOOKUP(AS79,Leyenda!$B$70:$D$75,3,FALSE) -> 15 | BG79: =1.5*BA79+(V79*0.5) -> 28.5 | BH79: =VLOOKUP(AM79,Leyenda!$B$4:$E$10,4,FALSE) -> 2 | BI79: =IF(Z79="",ROUND(IF(Z79<=50,5,IF(Z79>=3000,30,6.038*LN(Z79)-19.63)),0),ROUND(IF(Z79<=50,5,IF(Z79>=3000,30,6.038*LN(Z79)-19.63)),0)) -> 7 | BJ79: =ROUND(-0.0002*POWER(V79,2)+0.2197*V79,0) -> 6 | BK79: =+VLOOKUP('2. Logging Brejo Seco'!AP79,Leyenda!$B$47:$E$51,4,FALSE) -> 3 | BL79: =+VLOOKUP('2. Logging Brejo Seco'!AQ79,Leyenda!$B$55:$E$59,4,FALSE) -> 1 | BM79: =+VLOOKUP('2. Logging Brejo Seco'!AR79,Leyenda!$B$63:$E$67,3,FALSE) -> 2 | BN79: =+VLOOKUP('2. Logging Brejo Seco'!AO79,Leyenda!$B$39:$E$43,4,FALSE) -> 1 | BO79: =+VLOOKUP('2. Logging Brejo Seco'!AN79,Leyenda!$B$30:$E$34,4,FALSE) -> 3 | BP79: =VLOOKUP(AS79,Leyenda!$B$71:$E$75,4,FALSE) -> 10 | BQ79: =+BH79+BI79+BJ79+BK79+BL79+BM79+BN79+BO79+BP79 -> 35 | BR79: =+BC79+BD79+BB79+BE79+BF79 -> 39 | BS79: =1-N79 -> 0
A80: Brejo Seco | B80: 2024 | C80: PNM | D80: GEOTEC-01 | E80: 10 | F80: 10 | G80: P023_BedRock | H80: =+F80 -> 10 | J80: Rocha sá, serpentinito, bege rossa, pouco alterado | K80: =+L79 -> 42.35 | L80: 43.05 | M80: =+L80-K80 -> 0.7 | N80: 1 | O80: =1-N80 -> 0 | P80: =+M80*N80 -> 0.7 | Q80: =+N80*M80 -> 0.7 | R80: 140 | S80: 5 | T80: 0.5 | U80: 0.15 | V80: =+U80/M80*100 -> 21.428571 | W80: 4 | Y80: =+W80+X80 -> 4 | Z80: =+IF(T80=0,"",(T80*1000)/Y80) -> 125 | AA80: 0 | AB80: A3 | AC80: F2 | AD80: C3 | AE80: 5 | AF80: 140 | AG80: R2 | AH80: =+AG80 -> R2 | AI80: =+VLOOKUP(AH80,Leyenda!$O$4:$U$10,6,FALSE) -> 0,25-0,35 | AJ80: =+VLOOKUP(AH80,Leyenda!$O$4:$U$10,7,FALSE) -> No Blasting need | AK80: =+VLOOKUP(AJ80,Leyenda!$U$4:$V$10,2,FALSE) -> 2 | AL80: R2 | AM80: =+AH80 -> R2 | AN80: P3 | AO80: W2 | AP80: A2 | AQ80: G3 | AR80: F2 | AS80: Seco | AT80: Paredes de discontinuidades ligeramente rugosa | AV80: =+VLOOKUP(AN80,Leyenda!$B$30:$E$34,3,FALSE) -> 2 | AW80: =+VLOOKUP('2. Logging Brejo Seco'!AO80,Meteorizacion,3,FALSE) -> 3 | AX80: =+VLOOKUP('2. Logging Brejo Seco'!AP80,Apertura,3,FALSE) -> 3 | AY80: =+VLOOKUP('2. Logging Brejo Seco'!AQ80,Leyenda!$B$55:$D$59,3,FALSE) -> 3 | AZ80: =+VLOOKUP('2. Logging Brejo Seco'!AR80,Relleno,3,FALSE) -> 2 | BA80: =+SUM(AV80:AZ80) -> 13 | BB80: =ROUND(-0.0002*POWER(V80,2)+0.2197*V80,0) -> 5 | BC80: =VLOOKUP(AM80,Leyenda!$B$4:$D$10,3,FALSE) -> 2 | BD80: =IF(Z80="",ROUND((IF(Z80<=400,1.5478*POWER(Z80,0.3351),-2*POWER(10,-6)*POWER(Z80,2)+0.0091*Z80+8.1704)),0),ROUND((IF(Z80<=400,1.5478*POWER(Z80,0.3351),-2*POWER(10,-6)*POWER(Z80,2)+0.0091*Z80+8.1704)),0)) -> 8 | BE80: =+BA80 -> 13 | BF80: =VLOOKUP(AS80,Leyenda!$B$70:$D$75,3,FALSE) -> 15 | BG80: =1.5*BA80+(V80*0.5) -> 30.214286 | BH80: =VLOOKUP(AM80,Leyenda!$B$4:$E$10,4,FALSE) -> 2 | BI80: =IF(Z80="",ROUND(IF(Z80<=50,5,IF(Z80>=3000,30,6.038*LN(Z80)-19.63)),0),ROUND(IF(Z80<=50,5,IF(Z80>=3000,30,6.038*LN(Z80)-19.63)),0)) -> 10 | BJ80: =ROUND(-0.0002*POWER(V80,2)+0.2197*V80,0) -> 5 | BK80: =+VLOOKUP('2. Logging Brejo Seco'!AP80,Leyenda!$B$47:$E$51,4,FALSE) -> 3 | BL80: =+VLOOKUP('2. Logging Brejo Seco'!AQ80,Leyenda!$B$55:$E$59,4,FALSE) -> 3 | BM80: =+VLOOKUP('2. Logging Brejo Seco'!AR80,Leyenda!$B$63:$E$67,3,FALSE) -> 2 | BN80: =+VLOOKUP('2. Logging Brejo Seco'!AO80,Leyenda!$B$39:$E$43,4,FALSE) -> 3 | BO80: =+VLOOKUP('2. Logging Brejo Seco'!AN80,Leyenda!$B$30:$E$34,4,FALSE) -> 3 | BP80: =VLOOKUP(AS80,Leyenda!$B$71:$E$75,4,FALSE) -> 10 | BQ80: =+BH80+BI80+BJ80+BK80+BL80+BM80+BN80+BO80+BP80 -> 41 | BR80: =+BC80+BD80+BB80+BE80+BF80 -> 43 | BS80: =1-N80 -> 0
A81: Brejo Seco | B81: 2024 | C81: PNM | D81: GEOTEC-01 | E81: 10 | F81: 10 | G81: P023_BedRock | H81: =+F81 -> 10 | J81: Rocha sá, serpentinito, bege rossa, pouco alterado | K81: =+L80 -> 43.05 | L81: 43.55 | M81: =+L81-K81 -> 0.5 | N81: 0.56 | O81: =1-N81 -> 0.44 | P81: =+M81*N81 -> 0.28 | Q81: =+N81*M81 -> 0.28 | R81: 14 | S81: 20 | T81: 0.25 | U81: 0 | V81: =+U81/M81*100 -> 0 | W81: 6 | Y81: =+W81+X81 -> 6 | Z81: =+IF(T81=0,"",(T81*1000)/Y81) -> 41.666667 | AA81: 0 | AB81: A3 | AC81: F5 | AD81: C3 | AE81: 20 | AF81: 14 | AG81: R2 | AH81: =+AG81 -> R2 | AI81: =+VLOOKUP(AH81,Leyenda!$O$4:$U$10,6,FALSE) -> 0,25-0,35 | AJ81: =+VLOOKUP(AH81,Leyenda!$O$4:$U$10,7,FALSE) -> No Blasting need | AK81: =+VLOOKUP(AJ81,Leyenda!$U$4:$V$10,2,FALSE) -> 2 | AL81: R2 | AM81: =+AH81 -> R2 | AN81: P3 | AO81: W2 | AP81: A2 | AQ81: G4 | AR81: F2 | AS81: Seco | AV81: =+VLOOKUP(AN81,Leyenda!$B$30:$E$34,3,FALSE) -> 2 | AW81: =+VLOOKUP('2. Logging Brejo Seco'!AO81,Meteorizacion,3,FALSE) -> 3 | AX81: =+VLOOKUP('2. Logging Brejo Seco'!AP81,Apertura,3,FALSE) -> 3 | AY81: =+VLOOKUP('2. Logging Brejo Seco'!AQ81,Leyenda!$B$55:$D$59,3,FALSE) -> 1 | AZ81: =+VLOOKUP('2. Logging Brejo Seco'!AR81,Relleno,3,FALSE) -> 2 | BA81: =+SUM(AV81:AZ81) -> 11 | BB81: =ROUND(-0.0002*POWER(V81,2)+0.2197*V81,0) -> 0 | BC81: =VLOOKUP(AM81,Leyenda!$B$4:$D$10,3,FALSE) -> 2 | BD81: =IF(Z81="",ROUND((IF(Z81<=400,1.5478*POWER(Z81,0.3351),-2*POWER(10,-6)*POWER(Z81,2)+0.0091*Z81+8.1704)),0),ROUND((IF(Z81<=400,1.5478*POWER(Z81,0.3351),-2*POWER(10,-6)*POWER(Z81,2)+0.0091*Z81+8.1704)),0)) -> 5 | BE81: =+BA81 -> 11 | BF81: =VLOOKUP(AS81,Leyenda!$B$70:$D$75,3,FALSE) -> 15 | BG81: =1.5*BA81+(V81*0.5) -> 16.5 | BH81: =VLOOKUP(AM81,Leyenda!$B$4:$E$10,4,FALSE) -> 2 | BI81: =IF(Z81="",ROUND(IF(Z81<=50,5,IF(Z81>=3000,30,6.038*LN(Z81)-19.63)),0),ROUND(IF(Z81<=50,5,IF(Z81>=3000,30,6.038*LN(Z81)-19.63)),0)) -> 5 | BJ81: =ROUND(-0.0002*POWER(V81,2)+0.2197*V81,0) -> 0 | BK81: =+VLOOKUP('2. Logging Brejo Seco'!AP81,Leyenda!$B$47:$E$51,4,FALSE) -> 3 | BL81: =+VLOOKUP('2. Logging Brejo Seco'!AQ81,Leyenda!$B$55:$E$59,4,FALSE) -> 1 | BM81: =+VLOOKUP('2. Logging Brejo Seco'!AR81,Leyenda!$B$63:$E$67,3,FALSE) -> 2 | BN81: =+VLOOKUP('2. Logging Brejo Seco'!AO81,Leyenda!$B$39:$E$43,4,FALSE) -> 3 | BO81: =+VLOOKUP('2. Logging Brejo Seco'!AN81,Leyenda!$B$30:$E$34,4,FALSE) -> 3 | BP81: =VLOOKUP(AS81,Leyenda!$B$71:$E$75,4,FALSE) -> 10 | BQ81: =+BH81+BI81+BJ81+BK81+BL81+BM81+BN81+BO81+BP81 -> 29 | BR81: =+BC81+BD81+BB81+BE81+BF81 -> 33 | BS81: =1-N81 -> 0.44
A82: Brejo Seco | B82: 2024 | C82: PNM | D82: GEOTEC-01 | E82: 10 | F82: 10 | G82: P023_BedRock | H82: =+F82 -> 10 | J82: Rocha sá, serpentinito, bege rossa, pouco alterado | K82: =+L81 -> 43.55 | L82: 44.05 | M82: =+L82-K82 -> 0.5 | N82: 0.82 | O82: =1-N82 -> 0.18 | P82: =+M82*N82 -> 0.41 | Q82: =+N82*M82 -> 0.41 | R82: 20.5 | S82: 20 | T82: 0.22 | U82: 0 | V82: =+U82/M82*100 -> 0 | W82: 4 | Y82: =+W82+X82 -> 4 | Z82: =+IF(T82=0,"",(T82*1000)/Y82) -> 55 | AA82: 0 | AB82: A4 | AC82: F5 | AD82: C3 | AE82: 20 | AF82: 20.5 | AG82: R2 | AH82: =+AG82 -> R2 | AI82: =+VLOOKUP(AH82,Leyenda!$O$4:$U$10,6,FALSE) -> 0,25-0,35 | AJ82: =+VLOOKUP(AH82,Leyenda!$O$4:$U$10,7,FALSE) -> No Blasting need | AK82: =+VLOOKUP(AJ82,Leyenda!$U$4:$V$10,2,FALSE) -> 2 | AL82: R2 | AM82: =+AH82 -> R2 | AN82: P3 | AO82: W2 | AP82: A2 | AQ82: G4 | AR82: F2 | AS82: Seco | AV82: =+VLOOKUP(AN82,Leyenda!$B$30:$E$34,3,FALSE) -> 2 | AW82: =+VLOOKUP('2. Logging Brejo Seco'!AO82,Meteorizacion,3,FALSE) -> 3 | AX82: =+VLOOKUP('2. Logging Brejo Seco'!AP82,Apertura,3,FALSE) -> 3 | AY82: =+VLOOKUP('2. Logging Brejo Seco'!AQ82,Leyenda!$B$55:$D$59,3,FALSE) -> 1 | AZ82: =+VLOOKUP('2. Logging Brejo Seco'!AR82,Relleno,3,FALSE) -> 2 | BA82: =+SUM(AV82:AZ82) -> 11 | BB82: =ROUND(-0.0002*POWER(V82,2)+0.2197*V82,0) -> 0 | BC82: =VLOOKUP(AM82,Leyenda!$B$4:$D$10,3,FALSE) -> 2 | BD82: =IF(Z82="",ROUND((IF(Z82<=400,1.5478*POWER(Z82,0.3351),-2*POWER(10,-6)*POWER(Z82,2)+0.0091*Z82+8.1704)),0),ROUND((IF(Z82<=400,1.5478*POWER(Z82,0.3351),-2*POWER(10,-6)*POWER(Z82,2)+0.0091*Z82+8.1704)),0)) -> 6 | BE82: =+BA82 -> 11 | BF82: =VLOOKUP(AS82,Leyenda!$B$70:$D$75,3,FALSE) -> 15 | BG82: =1.5*BA82+(V82*0.5) -> 16.5 | BH82: =VLOOKUP(AM82,Leyenda!$B$4:$E$10,4,FALSE) -> 2 | BI82: =IF(Z82="",ROUND(IF(Z82<=50,5,IF(Z82>=3000,30,6.038*LN(Z82)-19.63)),0),ROUND(IF(Z82<=50,5,IF(Z82>=3000,30,6.038*LN(Z82)-19.63)),0)) -> 5 | BJ82: =ROUND(-0.0002*POWER(V82,2)+0.2197*V82,0) -> 0 | BK82: =+VLOOKUP('2. Logging Brejo Seco'!AP82,Leyenda!$B$47:$E$51,4,FALSE) -> 3 | BL82: =+VLOOKUP('2. Logging Brejo Seco'!AQ82,Leyenda!$B$55:$E$59,4,FALSE) -> 1 | BM82: =+VLOOKUP('2. Logging Brejo Seco'!AR82,Leyenda!$B$63:$E$67,3,FALSE) -> 2 | BN82: =+VLOOKUP('2. Logging Brejo Seco'!AO82,Leyenda!$B$39:$E$43,4,FALSE) -> 3 | BO82: =+VLOOKUP('2. Logging Brejo Seco'!AN82,Leyenda!$B$30:$E$34,4,FALSE) -> 3 | BP82: =VLOOKUP(AS82,Leyenda!$B$71:$E$75,4,FALSE) -> 10 | BQ82: =+BH82+BI82+BJ82+BK82+BL82+BM82+BN82+BO82+BP82 -> 29 | BR82: =+BC82+BD82+BB82+BE82+BF82 -> 34 | BS82: =1-N82 -> 0.18
A83: Brejo Seco | B83: 2024 | C83: PNM | D83: GEOTEC-01 | E83: 10 | F83: 10 | G83: P023_BedRock | H83: =+F83 -> 10 | J83: Rocha sá, serpentinito, bege rossa, pouco alterado | K83: =+L82 -> 44.05 | L83: 44.55 | M83: =+L83-K83 -> 0.5 | N83: 0.54 | O83: =1-N83 -> 0.46 | P83: =+M83*N83 -> 0.27 | Q83: =+N83*M83 -> 0.27 | R83: 13.5 | S83: 20 | T83: 0.26 | U83: 0 | V83: =+U83/M83*100 -> 0 | W83: 6 | Y83: =+W83+X83 -> 6 | Z83: =+IF(T83=0,"",(T83*1000)/Y83) -> 43.333333 | AA83: 0 | AB83: A4 | AC83: F5 | AD83: C3 | AE83: 20 | AF83: 13.5 | AG83: R2 | AH83: =+AG83 -> R2 | AI83: =+VLOOKUP(AH83,Leyenda!$O$4:$U$10,6,FALSE) -> 0,25-0,35 | AJ83: =+VLOOKUP(AH83,Leyenda!$O$4:$U$10,7,FALSE) -> No Blasting need | AK83: =+VLOOKUP(AJ83,Leyenda!$U$4:$V$10,2,FALSE) -> 2 | AL83: R2 | AM83: =+AH83 -> R2 | AN83: P4 | AO83: W3 | AP83: A2 | AQ83: G4 | AR83: F3 | AS83: Seco | AV83: =+VLOOKUP(AN83,Leyenda!$B$30:$E$34,3,FALSE) -> 1 | AW83: =+VLOOKUP('2. Logging Brejo Seco'!AO83,Meteorizacion,3,FALSE) -> 1 | AX83: =+VLOOKUP('2. Logging Brejo Seco'!AP83,Apertura,3,FALSE) -> 3 | AY83: =+VLOOKUP('2. Logging Brejo Seco'!AQ83,Leyenda!$B$55:$D$59,3,FALSE) -> 1 | AZ83: =+VLOOKUP('2. Logging Brejo Seco'!AR83,Relleno,3,FALSE) -> 2 | BA83: =+SUM(AV83:AZ83) -> 8 | BB83: =ROUND(-0.0002*POWER(V83,2)+0.2197*V83,0) -> 0 | BC83: =VLOOKUP(AM83,Leyenda!$B$4:$D$10,3,FALSE) -> 2 | BD83: =IF(Z83="",ROUND((IF(Z83<=400,1.5478*POWER(Z83,0.3351),-2*POWER(10,-6)*POWER(Z83,2)+0.0091*Z83+8.1704)),0),ROUND((IF(Z83<=400,1.5478*POWER(Z83,0.3351),-2*POWER(10,-6)*POWER(Z83,2)+0.0091*Z83+8.1704)),0)) -> 5 | BE83: =+BA83 -> 8 | BF83: =VLOOKUP(AS83,Leyenda!$B$70:$D$75,3,FALSE) -> 15 | BG83: =1.5*BA83+(V83*0.5) -> 12 | BH83: =VLOOKUP(AM83,Leyenda!$B$4:$E$10,4,FALSE) -> 2 | BI83: =IF(Z83="",ROUND(IF(Z83<=50,5,IF(Z83>=3000,30,6.038*LN(Z83)-19.63)),0),ROUND(IF(Z83<=50,5,IF(Z83>=3000,30,6.038*LN(Z83)-19.63)),0)) -> 5 | BJ83: =ROUND(-0.0002*POWER(V83,2)+0.2197*V83,0) -> 0 | BK83: =+VLOOKUP('2. Logging Brejo Seco'!AP83,Leyenda!$B$47:$E$51,4,FALSE) -> 3 | BL83: =+VLOOKUP('2. Logging Brejo Seco'!AQ83,Leyenda!$B$55:$E$59,4,FALSE) -> 1 | BM83: =+VLOOKUP('2. Logging Brejo Seco'!AR83,Leyenda!$B$63:$E$67,3,FALSE) -> 2 | BN83: =+VLOOKUP('2. Logging Brejo Seco'!AO83,Leyenda!$B$39:$E$43,4,FALSE) -> 1 | BO83: =+VLOOKUP('2. Logging Brejo Seco'!AN83,Leyenda!$B$30:$E$34,4,FALSE) -> 1 | BP83: =VLOOKUP(AS83,Leyenda!$B$71:$E$75,4,FALSE) -> 10 | BQ83: =+BH83+BI83+BJ83+BK83+BL83+BM83+BN83+BO83+BP83 -> 25 | BR83: =+BC83+BD83+BB83+BE83+BF83 -> 30 | BS83: =1-N83 -> 0.46
